Table 2.3.5U. Personal Consumption Expenditures by Major Type of Product and by Major Function,,,,,,,,,,,,,,,,,,,,,,,,,,,,,,,,,,,,,,,,,,,,,,,,,,,,,,,,,,,,,,,,,,,,,,,,,,,,,,,,,,,,,,,,,,,,,,,,,,,,,,,,,,,,,,,,,,,,,,,,,,,,,,,,,,,,,,,,,,,,,,,,,,,,,,,,,,,,,,,,,,,,,,,,,,,,,,,,,,,,,,,,,,,,,,,,,,,,,,,,,,,,,,,,,,,,,,,,,,,,,,,,,,,,,,,,,,,,,,,,,,,,,,,,,,,,,,,,,,,,,,,,,,,,,,,,,,,,,,,,,,,,,,,,,,,,,,,,,,,,,
Table 2.3.5U. Personal Consumption Expenditures by Major Type of Product and by Major Function,,,,,,,,,,,,,,,,,,,,,,,,,,,,,,,,,,,,,,,,,,,,,,,,,,,,,,,,,,,,,,,,,,,,,,,,,,,,,,,,,,,,,,,,,,,,,,,,,,,,,,,,,,,,,,,,,,,,,,,,,,,,,,,,,,,,,,,,,,,,,,,,,,,,,,,,,,,,,,,,,,,,,,,,,,,,,,,,,,,,,,,,,,,,,,,,,,,,,,,,,,,,,,,,,,,,,,,,,,,,,,,,,,,,,,,,,,,,,,,,,,,,,,,,,,,,,,,,,,,,,,,,,,,,,,,,,,,,,,,,,,,,,,,,,,,,,,,,,,,,,
"Last Revised on: November 27, 2024 - Next Release Date December 20, 2024",,,,,,,,,,,,,,,,,,,,,,,,,,,,,,,,,,,,,,,,,,,,,,,,,,,,,,,,,,,,,,,,,,,,,,,,,,,,,,,,,,,,,,,,,,,,,,,,,,,,,,,,,,,,,,,,,,,,,,,,,,,,,,,,,,,,,,,,,,,,,,,,,,,,,,,,,,,,,,,,,,,,,,,,,,,,,,,,,,,,,,,,,,,,,,,,,,,,,,,,,,,,,,,,,,,,,,,,,,,,,,,,,,,,,,,,,,,,,,,,,,,,,,,,,,,,,,,,,,,,,,,,,,,,,,,,,,,,,,,,,,,,,,,,,,,,,,,,,,,,,
Line,,1959,1959,1959,1959,1959,1959,1959,1959,1959,1959,1959,1959,1960,1960,1960,1960,1960,1960,1960,1960,1960,1960,1960,1960,1961,1961,1961,1961,1961,1961,1961,1961,1961,1961,1961,1961,1962,1962,1962,1962,1962,1962,1962,1962,1962,1962,1962,1962,1963,1963,1963,1963,1963,1963,1963,1963,1963,1963,1963,1963,1964,1964,1964,1964,1964,1964,1964,1964,1964,1964,1964,1964,1965,1965,1965,1965,1965,1965,1965,1965,1965,1965,1965,1965,1966,1966,1966,1966,1966,1966,1966,1966,1966,1966,1966,1966,1967,1967,1967,1967,1967,1967,1967,1967,1967,1967,1967,1967,1968,1968,1968,1968,1968,1968,1968,1968,1968,1968,1968,1968,1969,1969,1969,1969,1969,1969,1969,1969,1969,1969,1969,1969,1970,1970,1970,1970,1970,1970,1970,1970,1970,1970,1970,1970,1971,1971,1971,1971,1971,1971,1971,1971,1971,1971,1971,1971,1972,1972,1972,1972,1972,1972,1972,1972,1972,1972,1972,1972,1973,1973,1973,1973,1973,1973,1973,1973,1973,1973,1973,1973,1974,1974,1974,1974,1974,1974,1974,1974,1974,1974,1974,1974,1975,1975,1975,1975,1975,1975,1975,1975,1975,1975,1975,1975,1976,1976,1976,1976,1976,1976,1976,1976,1976,1976,1976,1976,1977,1977,1977,1977,1977,1977,1977,1977,1977,1977,1977,1977,1978,1978,1978,1978,1978,1978,1978,1978,1978,1978,1978,1978,1979,1979,1979,1979,1979,1979,1979,1979,1979,1979,1979,1979,1980,1980,1980,1980,1980,1980,1980,1980,1980,1980,1980,1980,1981,1981,1981,1981,1981,1981,1981,1981,1981,1981,1981,1981,1982,1982,1982,1982,1982,1982,1982,1982,1982,1982,1982,1982,1983,1983,1983,1983,1983,1983,1983,1983,1983,1983,1983,1983
Line,,JAN,FEB,MAR,APR,MAY,JUN,JUL,AUG,SEP,OCT,NOV,DEC,JAN,FEB,MAR,APR,MAY,JUN,JUL,AUG,SEP,OCT,NOV,DEC,JAN,FEB,MAR,APR,MAY,JUN,JUL,AUG,SEP,OCT,NOV,DEC,JAN,FEB,MAR,APR,MAY,JUN,JUL,AUG,SEP,OCT,NOV,DEC,JAN,FEB,MAR,APR,MAY,JUN,JUL,AUG,SEP,OCT,NOV,DEC,JAN,FEB,MAR,APR,MAY,JUN,JUL,AUG,SEP,OCT,NOV,DEC,JAN,FEB,MAR,APR,MAY,JUN,JUL,AUG,SEP,OCT,NOV,DEC,JAN,FEB,MAR,APR,MAY,JUN,JUL,AUG,SEP,OCT,NOV,DEC,JAN,FEB,MAR,APR,MAY,JUN,JUL,AUG,SEP,OCT,NOV,DEC,JAN,FEB,MAR,APR,MAY,JUN,JUL,AUG,SEP,OCT,NOV,DEC,JAN,FEB,MAR,APR,MAY,JUN,JUL,AUG,SEP,OCT,NOV,DEC,JAN,FEB,MAR,APR,MAY,JUN,JUL,AUG,SEP,OCT,NOV,DEC,JAN,FEB,MAR,APR,MAY,JUN,JUL,AUG,SEP,OCT,NOV,DEC,JAN,FEB,MAR,APR,MAY,JUN,JUL,AUG,SEP,OCT,NOV,DEC,JAN,FEB,MAR,APR,MAY,JUN,JUL,AUG,SEP,OCT,NOV,DEC,JAN,FEB,MAR,APR,MAY,JUN,JUL,AUG,SEP,OCT,NOV,DEC,JAN,FEB,MAR,APR,MAY,JUN,JUL,AUG,SEP,OCT,NOV,DEC,JAN,FEB,MAR,APR,MAY,JUN,JUL,AUG,SEP,OCT,NOV,DEC,JAN,FEB,MAR,APR,MAY,JUN,JUL,AUG,SEP,OCT,NOV,DEC,JAN,FEB,MAR,APR,MAY,JUN,JUL,AUG,SEP,OCT,NOV,DEC,JAN,FEB,MAR,APR,MAY,JUN,JUL,AUG,SEP,OCT,NOV,DEC,JAN,FEB,MAR,APR,MAY,JUN,JUL,AUG,SEP,OCT,NOV,DEC,JAN,FEB,MAR,APR,MAY,JUN,JUL,AUG,SEP,OCT,NOV,DEC,JAN,FEB,MAR,APR,MAY,JUN,JUL,AUG,SEP,OCT,NOV,DEC,JAN,FEB,MAR,APR,MAY,JUN,JUL,AUG,SEP,OCT,NOV,DEC
,Personal consumption expenditures by major type of product (From NIPA table 2.3.x):,,,,,,,,,,,,,,,,,,,,,,,,,,,,,,,,,,,,,,,,,,,,,,,,,,,,,,,,,,,,,,,,,,,,,,,,,,,,,,,,,,,,,,,,,,,,,,,,,,,,,,,,,,,,,,,,,,,,,,,,,,,,,,,,,,,,,,,,,,,,,,,,,,,,,,,,,,,,,,,,,,,,,,,,,,,,,,,,,,,,,,,,,,,,,,,,,,,,,,,,,,,,,,,,,,,,,,,,,,,,,,,,,,,,,,,,,,,,,,,,,,,,,,,,,,,,,,,,,,,,,,,,,,,,,,,,,,,,,,,,,,,,,,,,,,,,,,,,,,,,
1,        Personal consumption expenditures (PCE),306091,309554,312702,312193,316130,318193,317787,320161,324228,322794,322860,322871,323603,325338,330150,336482,330042,330102,331366,331613,333397,335398,335366,331307,332178,333717,337664,337639,339870,340857,340560,342068,344368,346499,349881,352398,353161,353951,357353,359006,361978,360389,361358,362882,368757,366548,371684,373621,374423,373411,375016,376350,377205,381683,384407,386287,385488,386023,389440,394684,396783,400161,401801,402823,408431,411355,414912,417737,416618,419602,416359,421001,424440,431397,433297,437059,437625,435243,441033,444375,452006,458479,459054,461673,465158,470220,475031,476948,473094,475524,480562,483152,489159,488285,490050,491843,494203,492952,495797,501315,502243,506814,506708,509821,515622,512203,517400,525145,530934,533622,544333,544007,549783,556253,563156,567007,568203,571644,576748,576540,583479,588675,588862,593870,600271,600869,602700,609939,613239,618515,620476,622768,628728,633992,632334,636017,642427,646268,648472,652907,659068,658315,656559,665608,676149,679409,682000,688759,691134,699781,698881,704916,712999,715838,720940,728438,731497,736160,749188,752541,757962,761589,769918,776335,781143,794943,800451,806112,816471,825800,832750,835703,841581,844298,854131,853252,869246,868163,876880,876619,884533,889670,901400,910797,922436,928033,937949,954819,955059,959232,956186,961818,975602,989395,990575,995033,1018937,1026777,1039789,1046958,1054829,1060854,1075758,1092058,1107148,1107695,1114879,1125424,1122700,1140496,1149590,1157982,1168847,1176784,1188960,1211481,1214984,1231325,1238329,1247267,1257068,1263605,1280483,1285687,1294544,1311405,1326983,1336024,1329486,1355131,1377542,1396368,1411964,1425824,1426815,1446954,1452881,1466922,1480617,1496523,1502425,1517821,1531178,1538448,1558800,1575659,1586126,1615572,1633904,1641601,1657250,1666255,1697298,1701393,1708215,1695241,1700079,1718848,1747082,1763778,1780453,1817093,1826815,1851714,1870041,1884239,1902921,1904356,1913765,1934451,1942122,1966640,1965535,1963887,1970646,1988808,1997087,2021248,2024130,2026327,2044491,2048116,2072242,2080123,2104649,2125774,2149261,2161628,2173954,2177039,2202774,2226393,2245902,2276020,2304398,2320429,2334858,2357587,2366269,2393632
2,Goods,167411,169596,172162,170680,173326,173845,172707,174065,176799,174543,173678,172472,172841,174113,178226,183211,176004,175972,177041,177191,178276,179281,178164,173863,173918,175209,177797,176630,177750,178313,178043,179206,180278,180935,183022,184593,184687,184768,187148,187405,189019,186951,187343,188221,193015,190011,193759,195299,195821,194273,195047,195351,195830,198873,200155,200558,198891,198120,200579,204356,205136,207387,207415,207572,211951,213273,215957,217679,215127,217085,212527,215919,218314,224327,225386,227338,226476,222944,227314,229413,235580,240119,238854,240040,242745,246629,249844,250152,244845,245878,249270,251360,255650,253353,252958,252748,253944,252548,253938,257910,257524,260078,258127,259424,263875,259263,262876,268380,271025,272428,279729,277189,281285,284085,289499,291363,290297,291647,294493,292359,297412,300043,299078,301210,304014,302767,303248,307992,308609,310629,309974,311160,313784,315002,313499,314651,318333,319679,319681,321459,324041,322258,318612,324529,333744,333698,334197,338365,337463,343632,340213,342569,348817,348451,351249,352989,353755,355882,363595,365056,369895,370153,374608,377828,380591,389773,391265,393383,401814,408082,411907,411850,413985,412207,420027,416089,426033,422634,428184,426812,431742,434040,440734,444264,450545,450990,457792,469617,464566,462518,456909,454741,463987,470861,469130,468200,486906,489517,498632,502859,506765,503730,513622,521801,530491,530169,531540,538882,532574,545453,547619,549639,554100,558259,561480,575450,572316,581809,587069,590902,593199,594678,601547,603177,606981,615904,627269,629756,615444,629740,642540,652308,662687,668002,665980,676152,674949,682193,691779,701024,699483,708312,715809,711768,723765,730968,737328,755566,766941,762051,770064,773195,793785,793143,789076,777519,774952,781022,797015,803337,805234,824312,825447,832681,849682,861633,868958,863176,860328,867849,871720,890157,881279,870680,870638,876320,878257,892706,887914,882359,895408,886076,900319,895597,909561,910585,923048,929655,923367,919707,934658,947027,961565,979304,989705,989369,993320,1007469,1012388,1027519
3,    Durable goods,42295,44207,44445,45065,45359,45971,45408,46189,47410,44791,44712,42807,43229,45748,47389,49116,45730,44457,44854,45765,47149,46679,45057,42333,41606,41919,43195,42733,43457,43770,44146,44597,44996,45623,46700,47726,47525,47378,48204,48430,49568,49142,49161,49001,50538,49029,52087,53523,53063,52407,52298,53213,53450,54981,55459,54064,54580,54170,55612,57435,57938,58442,57605,58152,59664,60613,61643,62144,60346,61245,58910,57976,61015,65375,68356,67331,65143,61981,63500,66000,70600,69486,69087,68806,70212,72286,74438,72469,68688,68005,69566,72268,75136,73377,72259,72241,72459,69850,70995,74319,73966,75165,74425,73646,76026,74114,75126,77684,79728,79472,83377,81427,84017,83808,86932,87631,88070,88124,87465,87888,90129,90765,89138,90405,90464,90475,88638,90658,92589,91438,90662,90433,89303,90983,88548,89977,91158,91885,91363,92325,92345,89719,85151,87102,97436,97169,99550,100291,99649,103025,101068,102239,107020,107215,107284,107405,110526,109285,112300,112859,114520,114818,116627,118261,117886,122044,123397,124809,129282,131854,134299,132486,133275,128124,130084,128625,133692,129284,129070,126250,126697,124781,128480,129019,131960,130769,133390,140873,134710,131012,125393,125039,129541,134797,131023,131981,138125,139972,144998,145423,149942,147982,153247,158946,161221,164160,164511,167622,162194,167883,169692,168689,171152,170913,173245,182209,177810,184060,189923,188852,188579,190238,191717,194205,196055,197128,200813,204178,191238,198523,204743,213489,216969,218103,215252,221847,213121,220330,222327,224239,220543,223984,225307,222654,224355,219293,226043,231341,235411,228264,228981,229901,239583,232935,223647,212350,208522,214878,226688,223958,225442,236285,236703,235704,239899,247343,250898,241690,239765,241351,245207,260392,250176,237256,236954,236323,241002,249303,249012,244854,256797,246028,247762,248589,259970,254134,268086,270846,268310,266842,271571,281694,288823,298234,303363,301169,302552,313652,315864,328294
4,        Motor vehicles and parts,16904,18467,18900,19436,19315,19254,19349,19906,20963,18211,18343,16420,16938,19410,21681,21903,19735,18189,18908,20063,21420,20411,19405,16921,16113,16293,17018,16929,17132,17320,17580,17884,18146,18645,19352,20252,20084,20359,20592,20786,21519,21603,21185,20843,21408,20559,23239,24455,23963,23394,22963,23615,23950,25094,25142,23853,24138,23485,25174,26181,26670,25688,24554,25079,26064,26486,27507,27544,26271,26862,24510,22389,26036,30074,33300,31820,29072,26203,26942,29512,32927,30813,29785,29256,29822,31868,33448,31748,28295,26157,27320,29456,32262,30535,29301,28912,29238,26579,27546,30433,30016,31093,30717,29435,30570,29298,28940,31347,33337,32607,35201,33249,35521,34568,36384,36550,37524,37457,35803,36767,38304,37960,36682,37169,37086,37136,35682,37802,39535,38484,37726,35810,34407,36131,34239,35449,36039,37237,36091,36623,36533,32800,28748,30159,40608,40071,42252,42368,41613,43533,42228,42195,46641,46465,45916,44906,46876,45724,47651,47911,48669,48716,49115,50277,49339,51535,52973,53594,55496,56595,59120,57164,57919,52420,54156,52300,55658,51378,51015,49075,47775,45957,47345,47286,48779,48356,49673,56179,50551,47925,43551,44615,46024,50365,46570,46667,48928,50056,55085,54157,57259,56000,58949,61657,63575,66769,67051,68597,64519,67768,69120,67326,69680,67487,70159,76013,75991,77766,81099,78157,78173,79858,78697,80109,80831,80602,82074,84196,76471,80323,84610,91184,92447,93697,90485,96047,87007,92742,92705,92355,91908,93140,92992,89177,89318,81864,89613,90982,94808,88178,88822,91297,98338,91417,85550,75621,71292,77168,86151,84039,82279,88298,86474,86538,91105,98425,100671,89889,89783,89810,91589,106664,98046,86730,87360,86121,93429,99728,98378,93254,104679,92816,93688,95986,106283,99262,111426,111238,105926,105406,106742,116467,120357,127823,129403,126622,125242,134051,132741,144566
5,        Furnishings and durable household equipment,15019,15286,15124,15224,15465,15954,15526,15659,15757,15834,15719,15646,15545,15721,15300,16147,15391,15589,15363,15224,15190,15544,15070,15007,14985,15095,15478,15215,15482,15538,15608,15702,15745,15823,16045,16145,16121,15839,16229,16187,16415,16116,16326,16478,17095,16546,16809,16926,17331,16857,16981,17229,17069,17404,17582,17643,17897,18044,17847,18241,18371,19191,19146,19291,19443,19841,19631,19915,19536,19846,19672,20320,20011,20019,19758,19981,20452,20115,20662,20490,21053,21643,21917,21830,22163,21985,22385,22175,21874,22602,23041,23192,23053,23108,23032,23108,23195,23396,23143,23576,23448,23676,23504,23545,24236,23616,24344,24475,24530,25020,25201,25472,25718,26122,26717,27070,26674,26683,27043,26819,26863,27542,27485,27745,27933,27875,27673,27422,27523,27382,27522,28099,28141,27729,27439,27995,28146,27859,27939,28196,28199,28694,28602,28880,28877,29001,29185,29279,29289,29934,29858,30188,30431,30667,31211,31399,32258,32044,32514,32462,32865,33119,33719,33967,34248,35134,35068,34869,36438,37552,37346,37455,37617,38051,37923,37953,38602,38495,39083,39014,39908,39734,40727,40991,41660,41023,41685,41980,41760,41165,40436,39617,40827,41010,40702,40680,42525,42613,42630,43001,43817,43573,44890,45076,45586,45976,45979,46609,45823,46792,46870,47553,47830,48480,48928,49638,49426,51373,52586,52884,52308,52480,53921,53899,53891,54969,55860,56665,54243,55575,56147,58280,59318,59503,59330,59786,60432,60804,61679,62955,62016,62187,63427,63512,64357,65144,65847,67432,67325,67278,67353,67174,67748,68032,66558,65758,66219,65936,67190,67082,67778,70034,71390,70397,71005,71655,71693,71728,71298,72389,72010,72000,71987,70650,70632,70484,69085,70640,70553,71220,71258,71375,72373,71474,71928,73014,73397,75411,75677,75236,77337,76722,77962,78905,80565,81131,82009,83293,84225,84181
6,        Recreational goods and vehicles,6258,6328,6284,6280,6373,6470,6320,6389,6466,6416,6406,6438,6462,6367,6247,6619,6399,6403,6336,6271,6263,6400,6361,6243,6281,6284,6491,6421,6528,6604,6649,6691,6697,6696,6807,6811,6798,6643,6720,6748,6912,6843,6955,6968,7186,7137,7197,7214,6961,7370,7493,7504,7569,7561,7804,7588,7588,7729,7657,7953,7897,8320,8486,8588,8718,8772,8908,9009,8940,8906,9145,9559,9224,9390,9531,9873,9781,9815,9876,10043,10579,10792,10988,11145,11291,11531,11709,11759,11746,12261,12276,12686,12897,12856,13043,13281,13131,12996,13246,13175,13283,13314,13071,13636,14038,14049,14514,14477,14436,14504,15244,14848,14853,15101,15735,15815,15675,15698,16157,15941,16341,16526,16364,16670,16718,16818,16582,16731,16893,16864,16738,17541,17789,17939,17789,17577,17750,17565,17906,17913,17983,18475,18108,18296,18237,18391,18428,18800,18945,19363,18850,19589,19598,19762,19784,20617,20981,21079,21514,21813,22196,22074,22859,22993,23072,23971,23802,24740,25369,25508,25545,25335,25033,24911,25037,25468,26105,25942,25340,24560,25089,25220,26290,26235,26811,26810,27236,27810,27669,27114,26574,26166,27352,27856,28148,29142,30514,30882,30636,31271,31425,31138,31895,34089,33618,33091,33156,33681,33173,34144,34373,34249,34196,35223,34630,36529,34619,36202,36745,37582,37531,36802,37606,38339,39182,38594,39502,40056,38572,40216,41351,41028,42024,41594,41942,42041,41103,42899,43393,44250,43154,45161,45100,45879,45804,47291,45325,47007,46961,46508,46457,45369,45894,46242,44482,44447,44409,45060,46149,45668,47784,49195,49452,49103,48605,47603,49386,50360,49170,49397,51239,51791,50464,50410,49799,50318,49519,49507,50752,50235,51276,51847,51734,51161,51708,51527,52700,53472,54732,54493,55384,55791,57632,58189,59379,59290,60412,61107,63142,64309
7,        Other durable goods,4114,4125,4137,4125,4205,4293,4213,4235,4224,4330,4244,4304,4284,4250,4161,4447,4205,4277,4247,4207,4275,4324,4221,4162,4227,4246,4208,4168,4315,4307,4310,4319,4408,4459,4495,4518,4522,4536,4663,4708,4721,4581,4695,4712,4849,4787,4842,4928,4808,4785,4861,4865,4862,4921,4932,4981,4957,4913,4934,5061,5001,5244,5419,5194,5439,5514,5596,5675,5599,5631,5583,5707,5745,5892,5767,5657,5839,5847,6021,5955,6041,6238,6397,6576,6937,6901,6896,6786,6774,6985,6929,6933,6924,6878,6883,6940,6896,6880,7060,7135,7218,7082,7133,7030,7181,7152,7328,7385,7425,7340,7731,7858,7924,8016,8096,8196,8197,8285,8462,8361,8621,8737,8608,8821,8728,8647,8701,8702,8638,8708,8677,8983,8966,9185,9081,8955,9222,9223,9427,9593,9631,9750,9693,9767,9714,9705,9685,9844,9802,10196,10132,10266,10350,10322,10374,10483,10412,10438,10621,10672,10790,10909,10934,11023,11227,11403,11553,11606,11979,12200,12288,12531,12706,12742,12968,12905,13326,13470,13631,13601,13924,13870,14118,14507,14711,14580,14795,14905,14730,14808,14832,14641,15337,15566,15602,15493,16158,16420,16646,16995,17441,17271,17513,18124,18442,18324,18325,18736,18678,19179,19330,19560,19447,19723,19528,20029,17775,18718,19493,20229,20568,21098,21493,21858,22151,22963,23378,23261,21953,22408,22636,22998,23181,23309,23495,23973,24579,23885,24549,24679,23464,23496,23789,24086,24876,24994,25259,25920,26317,26299,26349,26061,27603,27244,27057,26524,26603,26715,27198,27169,27601,28757,29386,29665,29184,29661,29149,29712,29515,29756,30369,29937,29680,29467,29163,29399,28970,29428,29328,30146,29583,29989,29966,29968,30051,30332,30564,30724,31975,31707,32109,32714,32871,33317,34016,34126,34890,35202,35756,35238
8,    Nondurable goods,125117,125389,127717,125615,127967,127874,127299,127876,129389,129751,128967,129665,129612,128366,130837,134095,130274,131515,132187,131426,131127,132602,133108,131530,132311,133290,134601,133897,134294,134543,133897,134609,135282,135312,136322,136867,137162,137390,138944,138975,139452,137809,138182,139221,142477,140982,141672,141776,142758,141867,142749,142137,142381,143892,144695,146493,144311,143950,144966,146921,147198,148945,149810,149420,152287,152660,154315,155536,154781,155840,153617,157944,157299,158952,157031,160007,161333,160963,163814,163413,164979,170633,169767,171234,172533,174344,175406,177683,176157,177874,179704,179092,180514,179977,180699,180507,181485,182698,182943,183591,183559,184913,183703,185779,187849,185148,187750,190695,191297,192956,196352,195762,197269,200277,202566,203732,202226,203524,207028,204470,207283,209279,209940,210805,213551,212292,214609,217334,216019,219191,219312,220728,224481,224019,224951,224674,227175,227795,228318,229134,231696,232539,233461,237427,236308,236529,234647,238074,237813,240607,239146,240330,241797,241235,243965,245584,243229,246597,251294,252197,255375,255334,257980,259567,262705,267729,267868,268574,272532,276228,277608,279364,280710,284083,289943,287465,292341,293350,299115,300562,305045,309260,312254,315245,318585,320221,324402,328744,329856,331506,331516,329702,334446,336064,338108,336219,348782,349546,353634,357436,356823,355748,360375,362855,369270,366009,367029,371259,370380,377570,377927,380950,382947,387346,388235,393241,394506,397749,397146,402050,404620,404440,409831,408972,410926,418776,426457,425578,424206,431217,437797,438819,445718,449899,450728,454305,461828,461863,469453,476785,478941,484329,490502,489114,499411,511675,511285,524225,531530,533787,541083,543293,554202,560208,565429,565169,566429,566144,570327,579379,579792,588027,588744,596977,609783,614290,618060,621485,620563,626498,626512,629765,631103,633424,633684,639998,637255,643403,638902,637504,638611,640048,652557,647009,649591,656450,654961,658809,655056,652865,663087,665333,672743,681070,686342,688200,690768,693817,696524,699224
9,        Food and beverages purchased for off-premises consumption,61876,61379,60463,60348,61562,61872,61583,61642,62080,62145,61500,62709,61630,61100,62565,63416,62755,62646,63185,62311,62041,62556,63830,62641,63488,63752,63871,64128,63808,63863,62962,63806,64034,63637,63454,64159,63849,64498,64555,64166,64609,64326,64309,64868,65812,65086,65073,64725,65438,65047,65243,64934,65304,65797,66520,66941,65588,66157,66851,66620,67358,67435,68150,68215,69116,69346,70188,70563,70441,70524,70070,72477,71395,72125,71457,72618,73129,73904,74890,75077,74395,78313,77185,78819,78549,79740,80333,81095,80343,80331,81477,80794,81379,80596,81437,81241,81781,81802,82022,82111,81511,82290,81437,82742,83312,82956,83398,85343,84699,85017,87415,86796,87771,89194,89912,90537,90023,90597,92678,91338,92778,93342,93078,93149,95048,94145,95233,96590,95960,98039,98303,98787,101552,101246,102116,101688,102813,103292,102985,103856,105332,104261,105498,107431,105811,105834,105401,106857,107002,107882,107285,107003,107109,107735,108091,109489,107029,109935,112182,113043,114154,114306,114953,115482,116879,118510,118462,118727,120155,121219,122046,123030,123724,125339,130250,128636,130124,130218,131704,134129,135996,138236,138642,138707,139464,140747,142802,146803,147678,148463,150578,148341,150504,151120,152760,151587,156074,156764,159373,159990,159942,159580,160596,160506,163963,162504,163544,164546,165150,167803,167133,169128,169365,171337,170224,172868,175566,175152,174395,176172,180079,180412,181177,179819,179849,182700,187551,184374,185402,189062,191436,191324,193491,196558,196121,197904,201410,200348,203916,206372,209797,210433,212534,210292,214702,222108,216570,220031,223628,223485,228341,228516,231537,232338,234509,234847,236591,236452,238008,242887,242961,245261,246448,248165,250458,250696,250669,253278,254003,254670,255896,258010,256190,259347,258739,262103,261315,263371,262086,264867,266393,266360,269573,267305,268879,272385,269430,273723,268209,271435,273102,274893,274884,277388,279677,279213,280469,280482,282427,282256
10,        Clothing and footwear,24379,25169,24807,24622,25943,25937,25375,25106,25840,25751,25529,25940,26496,25697,25441,27340,25221,26027,26005,25916,25681,26415,25689,25347,25316,25931,26944,25660,26508,26669,26576,26599,26672,27130,27489,27356,27452,26897,27744,28101,28149,27086,27496,27591,28959,28028,28336,28462,28233,27781,28567,28427,27948,28886,28826,29303,28877,28201,28695,29672,29389,30435,30615,30281,31470,31281,31420,31653,31256,31706,31094,32417,32407,32311,30950,31920,32380,31405,32390,32179,33681,33790,34210,34287,34920,35313,35074,35329,35101,36142,36280,36194,36403,36496,36459,36028,36532,36449,37298,37343,37164,37620,37162,37757,38950,37298,38302,38691,39065,39778,40415,40456,40572,41262,42341,42354,41727,42226,42986,41938,42925,43577,43595,43885,44269,43982,44739,45222,44562,45100,44654,45461,44739,45257,44644,44673,45164,45214,45392,45217,45257,46521,46112,47214,47428,47766,46877,48565,48639,49754,49045,49393,50061,49232,50799,51000,50663,50606,51880,51503,53099,52832,53654,53912,54885,56830,56108,55921,57437,58460,59037,58792,58474,59625,59489,58495,60190,59720,60882,60314,61764,61250,61876,62579,63001,62564,63669,63620,63416,62902,61531,60895,63267,64402,64683,63466,68420,67535,67092,68662,68474,67278,69161,69964,70443,70563,69765,71381,69798,71862,72737,72929,73356,74359,73991,75105,74056,76683,76347,77557,77205,77407,79781,79718,80042,83095,84792,84977,83012,84671,86443,87956,89087,90181,89168,90149,92174,91627,92740,94602,92738,91788,95001,93767,95032,95208,97030,98997,98299,98957,100239,99395,101359,100295,99002,99744,100709,101315,102361,105015,104420,107322,106837,107647,109772,111495,111496,112818,110938,113602,114178,114725,115278,114796,114007,115027,114259,117851,116087,115096,115644,113878,118234,116748,116555,117856,117986,120748,120108,119851,121536,123228,125137,127534,127336,127931,128449,130424,132776,133037
11,        Gasoline and other energy goods,15021,15174,15186,15039,15332,15456,15330,15270,15024,15659,15942,15042,15152,15188,16148,16133,15572,15876,15744,15891,16118,15803,15974,16106,15947,15739,15581,15809,15597,15782,15774,15657,15756,15540,15935,15558,15850,16020,16322,16279,16206,16107,15945,16092,16343,16672,16826,17128,17316,17200,16864,16657,17130,16449,16520,17035,17035,16571,16623,17668,17156,17198,17227,17421,17181,17701,17705,18084,18020,18626,17655,17934,17802,18463,18623,18810,18792,19210,19556,19265,19485,19964,19861,19748,19991,19747,19919,20266,20400,20631,20676,21003,21217,21276,21045,21695,21235,21999,21119,21164,22231,22041,22225,21554,21879,21871,22651,22545,22729,23168,23039,22974,22823,23137,23335,23529,23462,23365,23460,23582,23717,24144,24922,24870,25064,25155,24937,25141,25095,25474,25537,25563,26120,25587,25866,25937,26124,26233,26431,26005,26562,26654,26715,27192,27703,27265,27188,27410,27061,27591,27004,27823,28401,27989,28480,27850,28145,28322,28543,28294,28529,28275,28822,29766,29931,30781,31349,31960,32004,32953,32616,33238,33828,33297,33841,34168,34695,35982,38217,37061,37349,39238,41036,42778,44638,45104,46244,45038,45660,46758,45092,47257,46147,45647,45164,46675,46674,47497,48815,50096,49289,49736,49441,51060,52358,50461,50582,50976,51280,52524,52699,52863,54121,54886,56577,56828,57834,56236,55617,57681,57352,56936,57662,57658,58379,58856,59055,60536,59985,59904,60723,60264,61813,59709,61272,61070,61156,62693,64038,64808,65831,70369,70197,72415,74887,77928,81461,86813,90045,91162,89966,93579,96717,101113,107115,104827,102182,101636,101316,100864,100743,101239,100368,104652,111464,112590,116286,114523,113528,115168,112045,111885,113867,112699,113444,113815,113689,112122,110082,106221,104907,107118,109793,108356,107888,107686,108991,103347,105940,98941,104011,101917,105953,108057,108931,110126,108788,109305,106242,109262
12,        Other nondurable goods,23840,23666,27261,25607,25131,24610,25012,25858,26445,26196,25995,25975,26333,26380,26683,27206,26726,26966,27253,27309,27287,27827,27615,27436,27560,27868,28206,28301,28380,28229,28585,28547,28820,29004,29444,29793,30010,29975,30322,30429,30488,30290,30431,30670,31363,31197,31438,31460,31772,31839,32075,32119,31999,32760,32830,33215,32810,33021,32797,32960,33294,33877,33817,33502,34520,34332,35002,35236,35064,34985,34798,35115,35695,36053,36001,36658,37031,36444,36978,36892,37418,38566,38512,38380,39072,39544,40081,40992,40313,40769,41272,41100,41515,41609,41759,41542,41938,42447,42504,42973,42653,42962,42877,43726,43707,43023,43398,44117,44804,44994,45484,45535,46103,46685,46978,47312,47014,47336,47904,47611,47863,48216,48345,48901,49169,49010,49701,50382,50403,50577,50818,50918,52070,51929,52325,52376,53074,53056,53510,54056,54545,55102,55136,55589,55367,55663,55181,55243,55112,55380,55812,56112,56225,56279,56595,57246,57392,57734,58689,59357,59593,59922,60552,60408,61010,61607,61950,61965,62936,63595,63909,64305,64685,65822,66363,66166,67332,67430,68312,69057,69936,70535,70701,71181,71482,71807,71687,73283,73102,73383,74314,73209,74529,74895,75501,74491,77614,77750,78353,78688,79118,79154,81176,81325,82505,82481,83138,84357,84153,85380,85358,86030,86105,86764,87443,88440,87051,89679,90788,90640,89984,89685,91210,91777,92656,94125,95058,95691,95807,97579,99194,99274,101328,103451,104167,105181,107087,107196,108758,111002,110575,111738,112770,112640,114790,116432,116224,118384,119557,120184,122537,121804,124589,126462,124802,125750,126948,126740,128642,130613,131667,134206,135090,136514,138089,139509,139609,140866,142093,143058,144393,145146,145769,146582,147494,149053,147993,150059,150647,151321,151667,152692,154957,154599,156269,158523,158554,160992,160799,162638,164438,165295,166770,168091,170399,170931,173061,173605,175080,174669
13,Services,138680,139959,140540,141513,142804,144348,145080,146096,147429,148251,149182,150399,150762,151224,151924,153272,154038,154129,154325,154422,155121,156117,157201,157444,158260,158508,159868,161008,162120,162545,162517,162862,164090,165564,166859,167805,168474,169183,170205,171601,172959,173438,174015,174661,175742,176536,177925,178322,178602,179138,179969,180999,181374,182810,184253,185729,186598,187903,188861,190328,191646,192774,194386,195251,196480,198082,198954,200058,201491,202517,203832,205082,206126,207070,207910,209722,211149,212299,213719,214961,216426,218360,220200,221633,222412,223591,225187,226796,228249,229646,231292,231792,233509,234932,237092,239096,240258,240404,241860,243405,244719,246736,248580,250397,251747,252941,254524,256765,259909,261194,264604,266818,268498,272168,273657,275644,277906,279997,282255,284181,286067,288631,289784,292660,296257,298102,299452,301947,304631,307886,310502,311608,314943,318990,318835,321366,324094,326589,328791,331448,335027,336058,337947,341079,342405,345711,347803,350394,353671,356149,358667,362347,364182,367388,369691,375449,377742,380278,385593,387485,388067,391437,395311,398508,400552,405170,409186,412729,414658,417718,420843,423853,427596,432091,434104,437162,443214,445529,448696,449807,452792,455630,460666,466533,471892,477042,480157,485202,490493,496714,499276,507077,511615,518533,521444,526833,532030,537259,541157,544100,548063,557124,562136,570257,576658,577526,583339,586542,590126,595044,601970,608343,614748,618525,627480,636031,642668,649516,651260,656365,663869,668927,678935,682510,687564,695501,699714,706268,714042,725391,735002,744060,749277,757822,760835,770802,777933,784729,788838,795499,802941,809508,815369,826679,835034,844691,848797,860006,866963,879550,887186,893061,903513,908250,919140,917722,925128,937826,950067,960441,975219,992781,1001368,1019033,1020359,1022606,1033963,1041180,1053437,1066602,1070402,1076483,1084256,1093207,1100008,1112488,1118830,1128541,1136216,1143969,1149083,1162040,1171923,1184526,1195087,1215190,1226213,1231973,1250587,1257332,1268116,1279366,1284337,1296716,1314692,1331060,1341538,1350118,1353882,1366114
14,    Household consumption expenditures (for services),134064,135299,135830,136762,138009,139505,140190,141161,142448,143227,144116,145302,145654,146092,146800,148166,148947,149074,149269,149381,150100,151102,152209,152479,153313,153585,154863,155896,156911,157278,157230,157542,158707,160120,161350,162258,162907,163597,164635,166057,167440,167942,168547,169222,170323,171141,172559,172941,173197,173704,174467,175431,175736,177082,178449,179848,180635,181867,182759,184166,185309,186373,187964,188824,190040,191657,192512,193603,195038,196054,197371,198614,199638,200563,201323,203032,204357,205393,206705,207848,209202,211043,212781,214151,214898,216035,217649,219282,220755,222188,223849,224370,226108,227554,229737,231710,232805,232896,234238,235676,236885,238757,240472,242159,243386,244464,245929,248073,251186,252474,255883,258102,259774,263430,264894,266849,269066,271105,273328,275230,277063,279579,280659,283446,286994,288744,290003,292388,294951,298141,300633,301601,304860,308890,308667,311136,313791,316130,318204,320734,324253,325311,327232,330277,331439,334623,336597,339081,342253,344591,346956,350458,352124,355170,357301,362815,365441,367877,373059,374928,375573,378664,382695,385886,387827,391758,395667,398914,401596,404597,407344,410140,414060,418046,420239,423496,429214,431556,434501,435427,438284,440803,445631,451194,456391,461225,464695,469603,474685,480899,483280,490823,495595,502168,505042,510669,515442,520310,523723,526766,530739,539655,544352,551937,557849,558586,564573,567847,571266,576128,583088,589420,595923,599390,608149,616320,622523,629555,631435,636517,644172,648658,658498,661703,666536,673769,677807,684301,691796,703314,712820,721591,726747,734757,737554,747651,754539,760820,765031,771385,777855,784167,789796,800887,809233,818519,822869,834123,841062,852852,859958,865024,875339,879970,890622,888840,895748,907645,919755,929906,944575,961398,969410,986882,988300,989860,1001243,1008218,1020102,1032407,1036205,1041858,1049539,1057646,1063791,1076137,1082142,1091611,1099332,1106838,1111855,1124159,1133675,1146093,1156374,1176052,1187213,1192684,1210685,1217779,1228941,1239585,1244419,1256169,1273906,1290159,1300139,1308090,1311463,1323451
15,        Housing and utilities,51035,51315,51586,51851,52124,52536,52981,53411,53802,54159,54537,54841,55170,55491,55730,55951,56177,56445,56709,56991,57401,57849,58272,58460,58569,58710,59106,59591,60056,60279,60415,60565,60943,61380,61817,62188,62524,62851,63179,63517,63858,64220,64558,64914,65363,65827,66300,66603,66907,67193,67243,67260,67312,67732,68244,68741,69067,69309,69571,69908,70275,70642,70931,71197,71465,71829,72207,72593,73032,73499,73915,74198,74438,74690,75127,75613,76090,76481,76839,77199,77607,78050,78476,78811,79121,79437,79817,80232,80641,81007,81344,81688,82155,82660,83144,83465,83717,83998,84500,85081,85656,86073,86434,86798,87445,88148,88856,89420,90237,90295,90885,91032,91403,92061,92628,93526,94214,94800,95624,96276,97059,97737,98341,98893,99456,100225,101348,102166,103078,103731,104538,105213,105735,106239,106663,107340,107894,108584,109586,110434,111392,112170,112931,114095,114702,116045,116775,117764,118592,119541,120403,121054,122447,123564,123960,124919,125831,126681,127909,128862,129527,130339,131298,132266,133150,134887,136154,137316,137750,138471,139458,140341,142020,143022,143769,145225,146958,147561,148557,148690,150470,151274,152723,154948,156139,158216,159250,160676,162457,165033,164737,167026,167617,169847,172447,175064,174237,175389,177147,178751,180262,181530,181505,184518,186702,186313,187872,189325,191054,192323,194121,196667,198721,201220,204704,206937,209463,211156,209868,211481,212182,216179,219157,221242,223016,226159,224930,228838,231259,235833,236307,238606,241310,243845,243667,246752,249776,251818,254222,257950,260823,264705,261661,265924,267903,270588,271598,276358,280009,285256,287314,288698,289914,296738,302696,301411,304894,312724,314920,318198,320146,325531,329095,333176,333239,332006,337293,338884,348300,356624,355245,357109,360559,366465,365274,373856,378057,377473,379893,381213,379855,385576,387163,388979,392404,397482,401549,400335,402186,405711,410076,417476,413497,416659,422087,429267,428240,429483,432571,447471
16,        Health care,14375,14466,14548,14642,14731,14808,14866,14935,15017,15112,15195,15279,15397,15510,15735,15958,16187,16125,15992,15896,16072,16322,16565,16609,16596,16592,16733,16915,17098,17142,17171,17191,17304,17421,17541,17738,17930,18126,18359,18588,18811,19050,19256,19482,19711,19917,20131,20269,20373,20476,20558,20657,20760,20863,20982,21087,21222,21361,21515,21875,22296,22670,23047,23398,23745,24064,24420,24757,25005,25236,25472,25682,25910,26114,26159,26209,26252,26121,25957,25798,25849,25896,25960,26223,26423,26662,27108,27578,28050,28552,28891,29302,29725,30209,30693,30946,31069,31196,31313,31477,31666,31851,31974,32114,32317,32457,32636,33070,33518,34018,34849,35367,36101,36371,36764,37411,37803,38349,39000,39359,39988,40209,40583,40971,41811,42024,42186,42526,42910,43499,43795,44199,44744,46079,45598,46281,46528,47151,47768,48195,48853,49488,50328,50950,50738,51231,51801,52128,53166,53352,54128,54634,55133,55373,55875,57142,57095,57471,58292,58874,58907,59330,60055,60761,61092,61692,62070,62473,63517,64401,65418,65916,66439,67082,67497,67985,68685,69262,69733,70170,70975,71885,72711,73365,74665,75807,76492,77297,78491,79579,79869,81858,83338,85007,85258,86810,87888,88459,88878,89148,90542,92842,94144,95686,96216,97010,98757,99795,100314,100906,102313,103400,104352,104687,107086,107354,108763,109430,110967,112359,115637,116416,117498,118214,118226,119106,120030,121645,123617,125294,126836,128543,129306,130726,131664,132761,133926,136193,136945,138613,141014,141365,142601,144284,146182,147766,150258,150900,151858,155365,156199,158280,161892,161899,163529,164412,165183,167446,170445,174066,179509,180960,183527,187058,187735,191881,194623,196762,199003,201311,203888,206533,208076,208571,211971,212599,213483,215450,217156,219101,221042,223147,226064,228326,230450,232836,235740,239395,241525,243150,246055,247731,250704,252080,253750,257052,257935,260839,262767,263906
17,        Transportation services,8323,8388,8450,8514,8579,8662,8749,8844,8896,8939,8987,9023,9066,9099,9108,9113,9124,9144,9172,9199,9235,9267,9306,9318,9332,9346,9393,9455,9508,9541,9566,9597,9658,9726,9792,9840,9875,9914,9982,10069,10149,10171,10174,10176,10212,10255,10295,10337,10365,10400,10439,10484,10527,10568,10629,10675,10744,10803,10874,10941,11021,11095,11145,11196,11249,11299,11379,11452,11514,11568,11620,11662,11696,11728,11811,11910,12008,12103,12179,12267,12351,12443,12537,12565,12575,12601,12706,12851,12978,13006,13013,13034,13207,13426,13648,13760,13831,13892,13934,13993,14053,14172,14307,14436,14534,14619,14704,14840,15064,15186,15313,15466,15623,15795,15948,16089,16241,16394,16593,16753,16957,17129,17301,17521,17723,17931,18050,18213,18433,18680,18806,18984,19316,19401,19485,19393,19771,19957,20145,20346,20541,20448,20695,21030,21040,21223,21304,21817,21932,22390,22689,22863,22988,23209,23365,23493,23848,23983,24138,24201,24266,24389,24535,24671,24923,25021,25289,25265,25436,25613,25661,25776,25914,26065,26092,26229,26355,26446,26618,26727,27015,27435,27644,27852,28011,28373,28533,28832,29116,29430,29362,30052,30259,30418,30693,30617,31620,32017,32247,32836,32738,33203,33601,34282,34686,34828,35160,35575,35656,35958,36185,36273,36870,36998,37535,38139,38315,39632,40365,40543,41072,40883,41643,42435,42863,42780,43061,43155,42824,43750,44586,45007,44717,45253,45386,45823,46281,46937,45958,45876,46903,48266,49250,49460,49909,50382,50686,51220,52025,52727,53941,53696,54722,54039,53803,54002,52962,54535,55542,56029,56533,57118,56428,58688,59504,59228,59164,59323,58638,58542,60279,60190,61023,60703,60670,60209,59861,60101,60149,60640,60655,61458,61913,62461,62815,63000,63545,64147,64702,64413,65796,65788,67534,67998,69319,70345,71360,72362,72983,74190
18,        Recreation services,5566,5638,5723,5797,5879,5947,5968,6010,6050,6105,6157,6210,6285,6351,6389,6419,6458,6453,6497,6518,6546,6584,6610,6651,6707,6746,6777,6821,6850,6892,6927,6962,7051,7143,7228,7233,7217,7207,7319,7476,7621,7571,7470,7385,7430,7514,7589,7658,7685,7719,7721,7718,7728,7909,8119,8327,8213,8035,7913,8024,8216,8418,8427,8344,8293,8307,8365,8441,8571,8698,8819,8849,8859,8869,8875,8895,8899,8914,8936,8952,9017,9098,9171,9221,9228,9265,9371,9508,9646,9731,9785,9860,9998,10152,10307,10356,10420,10457,10373,10251,10164,10370,10690,10976,10770,10431,10161,10350,10875,11160,11222,11334,11450,11963,11631,11784,12211,12076,12295,12431,12340,12588,12798,12859,13057,12934,12862,12894,13088,13209,13214,13257,13489,13996,13544,13842,13818,13930,14027,14128,14213,14241,14277,14518,14666,14576,14556,14841,14907,15036,15107,15139,15325,15741,15668,15851,15816,15728,16028,16066,16146,16119,16293,16473,16583,16782,16868,17049,17306,17727,17744,17774,18016,18825,18295,18401,18808,18837,19152,19292,19424,19520,19823,20086,20518,20644,21241,21398,21477,21922,22232,23089,23081,23065,23023,22877,23158,23441,23598,23811,23993,24480,24633,24672,25090,25104,25326,25641,25878,26160,26386,27141,27767,27518,27762,28650,28325,28015,28191,28355,29436,29275,29683,29973,30414,30720,31074,31286,31329,31689,31974,31927,32232,32677,33300,33249,33595,33758,33987,34487,35020,35099,35669,36135,36342,36555,37003,37337,37503,38017,38082,37938,38642,39045,39510,39590,39899,40209,40632,41226,41906,42455,42991,43940,44625,44698,44724,45523,46366,47755,48145,48096,48356,48666,49282,49276,49924,50755,51350,51064,51531,52368,52666,53373,53385,54127,54392,54759,56537,55773,56817,57844,59114,59486,59886,60134,60978,61883,62255,62444
19,        Food services and accommodations,18784,19178,18884,18988,19400,20006,19882,20003,20394,20271,20255,20812,20480,20245,20161,20729,20703,20541,20562,20420,20389,20465,20690,20428,20842,20654,20940,20819,20729,20797,20698,20877,21047,21291,21359,21513,21609,21725,21739,21957,22161,22027,22241,22429,22684,22549,23055,22904,22860,22999,23173,23455,23013,23146,23232,23352,23232,23600,23548,24056,24111,24227,24742,24553,24669,25217,24961,24934,25224,25017,25233,25643,25978,26162,25993,26663,26967,26971,27377,27566,27550,27955,28279,28705,28727,29031,29281,29372,29302,29555,30276,29797,29943,29619,30035,30677,30831,29964,30211,30377,30363,30769,30994,31147,31299,31437,31825,32266,32868,33389,34145,34188,34117,34294,34735,35171,35397,35642,35723,35462,35864,36240,35986,37027,37299,37707,37514,37788,37878,38505,39098,38623,39652,40546,40652,41109,41948,41930,41946,42202,42639,42273,42436,42152,42370,42538,42678,42663,43341,43709,43791,44717,44019,44689,45116,45934,46373,46697,48005,47791,48136,48808,49348,49592,49855,50213,50566,51242,52229,52768,53194,53075,53539,53896,54512,55407,56669,57324,57844,57528,57702,57660,58189,59428,59515,60226,60618,61642,61955,62733,63628,64070,65025,65975,65615,66788,67983,69315,68378,69071,69421,71500,73090,73689,75034,74641,75610,76028,76762,77469,78881,79281,79727,79734,79589,80859,82932,86041,85426,85168,86305,85321,86199,85551,85246,85212,87439,87136,87950,89766,92978,94221,94625,96712,98674,100028,101274,101635,103033,104347,104151,106567,110485,108390,107988,109207,109431,111577,113285,114158,117520,118294,120313,116712,118354,118766,119412,120248,120811,122131,123368,125230,126296,129016,131112,131209,132590,133334,134239,134010,133579,134374,135820,136269,134935,135516,134509,138931,137946,139670,141073,142307,144065,144812,144822,147155,147295,147516,149291,149876,151127,151131,151721,153062,154584,154237,156418,157246,159034,154867
20,        Financial services and insurance,11432,11568,11705,11833,11957,12062,12155,12245,12387,12535,12679,12732,12765,12796,12896,13017,13136,13211,13271,13328,13321,13312,13305,13499,13756,14021,14190,14321,14438,14340,14207,14102,14234,14432,14629,14619,14551,14492,14640,14855,15058,15016,14877,14773,14776,14836,14871,14861,14774,14728,14801,14914,15026,15232,15431,15647,15904,16188,16479,16439,16447,16363,16521,16704,16911,17169,17414,17636,17690,17736,17749,17855,17936,18062,18162,18273,18371,18532,18663,18825,19159,19516,19889,20071,20271,20452,20530,20597,20663,20710,20749,20767,20684,20555,20451,20720,21055,21348,21465,21508,21593,21878,22299,22709,22800,22868,22922,22961,23074,22806,23515,24567,24665,26145,26242,25658,25917,26431,26509,26850,26409,26743,26321,26615,27644,27741,27549,27930,28239,28691,29169,28799,28907,29166,29214,29273,29714,29944,29788,30134,31215,31303,31013,31613,31797,32395,32577,32816,32776,32819,33060,33803,33358,33462,33416,34755,35224,35843,36354,36415,36128,36695,37329,38144,37593,37579,38503,38910,38569,38708,38721,39118,39629,39812,39982,40040,40784,41245,41365,41257,40934,40776,41594,41919,42542,43444,44092,45178,46074,46557,47630,48114,49156,50835,50581,50817,51327,51815,51874,51723,51933,53337,53968,54380,54701,55659,54976,55072,55134,55764,56697,57228,58167,58174,58843,60642,60571,60645,60990,62256,63168,64119,66158,66507,67324,68773,70147,70447,71633,72446,74253,76862,77485,76911,76381,78219,78112,79267,79565,79435,77656,74842,76318,82388,85877,87732,86761,86910,86800,86282,84579,86537,86375,88165,88579,85830,87495,88944,90321,91547,94152,97749,100214,100535,100716,98243,98544,99154,98360,97866,97869,97344,96036,96208,99709,101352,102971,103915,106521,106958,108776,109146,111218,116458,118754,124986,126908,127549,134722,136588,135152,133273,133043,136779,143536,148345,152608,150339,144998,142315
21,        Other services,24549,24748,24934,25137,25339,25484,25588,25713,25903,26105,26306,26405,26493,26601,26781,26979,27162,27156,27064,27029,27136,27303,27462,27513,27512,27517,27725,27973,28231,28288,28247,28248,28469,28726,28985,29128,29203,29282,29417,29595,29783,29889,29971,30061,30147,30243,30318,30311,30234,30188,30531,30944,31371,31632,31814,32018,32254,32570,32859,32922,32944,32959,33151,33433,33707,33772,33766,33789,34002,34299,34564,34724,34821,34937,35196,35469,35770,36269,36754,37242,37668,38084,38469,38554,38554,38587,38835,39145,39475,39628,39791,39921,40396,40934,41458,41787,41880,42043,42442,42990,43392,43644,43775,43979,44220,44506,44826,45165,45550,45620,45954,46148,46415,46801,46946,47210,47282,47413,47583,48099,48447,48934,49329,49562,50004,50181,50495,50870,51325,51826,52012,52526,53017,53464,53510,53897,54119,54633,54944,55296,55400,55388,55552,55918,56127,56616,56905,57052,57539,57745,57779,58248,58855,59132,59900,60721,61255,61473,62332,62718,62463,62984,63836,63979,64632,65585,66217,66659,66789,66909,67149,68138,68503,69345,70092,70209,70955,70880,71232,71763,71763,72253,72949,73596,75001,74516,74470,74581,75115,75645,75821,76614,77118,77020,77425,77694,79229,79874,81600,81426,81850,82762,83412,84710,85419,85030,86873,86411,86469,87546,88508,89429,90319,91059,92631,93739,94154,94636,95629,96355,96372,96465,98161,97782,99447,101020,101128,101796,103186,104535,105887,106425,107071,108633,108481,110818,111576,111211,111321,110678,112288,113323,113811,114308,115033,116290,117132,119820,119582,121046,122322,121583,123481,123373,124150,124827,125903,123538,127085,126708,128960,132354,130859,134468,131369,132595,134303,135237,135197,136299,137200,138213,139670,140764,141949,143330,143338,144986,146317,148192,148921,150156,150586,151685,153744,156467,157784,158983,161721,162269,163919,166342,168806,170104,170744,170778,172600,175937,176855,178258
22,    Final consumption expenditures of nonprofit institutions serving households (NPISHs)1,4616,4659,4710,4751,4795,4843,4889,4935,4981,5024,5066,5097,5108,5132,5124,5106,5091,5055,5056,5041,5022,5014,4992,4966,4947,4922,5004,5113,5210,5267,5287,5320,5382,5444,5508,5547,5566,5586,5570,5544,5518,5496,5468,5439,5419,5395,5366,5381,5405,5434,5502,5568,5639,5728,5804,5881,5962,6036,6102,6163,6338,6401,6421,6427,6440,6425,6442,6455,6453,6463,6462,6468,6488,6507,6588,6690,6792,6906,7013,7113,7224,7318,7419,7482,7514,7556,7539,7514,7494,7458,7443,7422,7401,7378,7355,7386,7454,7508,7622,7729,7833,7979,8109,8238,8361,8476,8595,8693,8723,8720,8722,8716,8724,8739,8764,8794,8840,8891,8927,8951,9004,9052,9126,9214,9263,9358,9449,9559,9679,9745,9869,10007,10083,10100,10168,10230,10303,10459,10587,10714,10774,10746,10716,10802,10966,11089,11206,11313,11418,11557,11711,11889,12058,12218,12391,12634,12301,12401,12534,12556,12494,12773,12616,12622,12725,13412,13519,13815,13062,13120,13499,13713,13536,14045,13865,13666,14000,13973,14195,14380,14508,14826,15035,15339,15501,15817,15462,15599,15808,15814,15996,16253,16020,16366,16403,16164,16589,16949,17434,17333,17324,17469,17784,18320,18808,18941,18766,18696,18860,18916,18882,18923,18825,19135,19330,19711,20145,19961,19825,19848,19697,20269,20437,20807,21027,21732,21907,21967,22245,22077,22182,22469,22530,23065,23281,23151,23394,23909,23807,24114,25086,25341,25573,25792,25801,26171,25928,25883,25901,26697,27228,28036,28174,28279,28518,28882,29379,30181,30311,30535,30644,31383,31958,32151,32060,32746,32720,32962,33335,34195,34197,34625,34716,35561,36217,36351,36688,36930,36883,37131,37228,37881,38249,38433,38713,39137,39000,39289,39903,39552,39175,39781,39918,40546,40786,40901,41400,42028,42419,42663
23,        Gross output of nonprofit institutions2,13367,13472,13581,13677,13780,13881,13959,14044,14140,14240,14335,14422,14521,14609,14756,14902,15047,14912,14770,14642,14748,14934,15100,15067,15003,14937,15213,15555,15894,15968,15927,15919,16037,16175,16317,16456,16551,16646,16722,16780,16841,16906,16963,17015,17088,17149,17208,17318,17430,17555,17721,17897,18071,18259,18428,18598,18768,18933,19097,19312,19694,19915,20030,20101,20193,20221,20328,20416,20449,20474,20499,20681,20893,21102,21323,21553,21773,21999,22193,22389,22618,22813,23031,23255,23427,23640,23824,24029,24228,24361,24438,24524,24634,24807,24983,25178,25335,25502,25803,26143,26484,26862,27169,27480,27806,28075,28378,28702,28898,29046,29455,29790,30211,30212,30327,30665,30887,31197,31632,31856,32269,32403,32746,33036,33679,33904,34088,34428,34796,35280,35563,35919,36297,37211,36673,37161,37286,37779,38276,38601,38981,39212,39573,40040,40119,40731,41273,41537,42347,42532,43139,43524,43924,44099,44487,45533,45523,45654,46393,46633,46472,47054,47447,47797,47969,48929,49015,49352,49014,49597,50634,51103,51058,52099,52174,51907,52852,53223,53936,54383,54845,55542,56209,57408,58270,59601,59223,59549,60379,60791,61359,62455,62844,64071,64417,64911,66165,66690,67809,68099,67793,69606,71118,72790,73514,73882,74380,74604,74958,75550,76546,77385,77667,78061,79272,79909,81366,81763,82555,83737,84493,84884,85567,85771,86246,87709,88318,89513,90983,91741,92600,94333,95441,96939,97615,98069,99025,100579,100436,102152,103937,104587,105348,106695,107639,108929,109601,109846,110737,113533,114765,116657,118191,119404,120538,121008,121695,124189,125984,129022,130625,132631,134347,135564,136904,139037,139938,141646,143406,145294,146642,147695,148549,150372,153475,154845,155145,157215,158420,159796,161074,162963,164914,165978,167501,169424,170379,172850,174002,173901,175126,176271,177778,178896,178858,180742,181395,183645,184619,185354
24,        Less: Receipts from sales of goods and services by nonprofit institutions3,8751,8813,8871,8926,8985,9038,9070,9110,9159,9216,9270,9326,9414,9477,9631,9796,9955,9857,9714,9601,9726,9919,10109,10102,10057,10014,10209,10442,10685,10702,10640,10599,10654,10731,10808,10909,10984,11060,11152,11236,11323,11411,11495,11576,11670,11753,11843,11937,12025,12121,12219,12329,12432,12531,12624,12717,12805,12897,12994,13149,13357,13514,13609,13674,13753,13796,13886,13961,13997,14011,14037,14213,14405,14595,14735,14863,14982,15093,15180,15276,15394,15495,15611,15773,15913,16084,16286,16515,16734,16904,16994,17102,17233,17429,17628,17793,17881,17995,18181,18415,18650,18883,19060,19242,19445,19599,19783,20009,20175,20326,20734,21074,21487,21474,21563,21871,22047,22305,22705,22905,23265,23351,23620,23822,24415,24546,24639,24869,25117,25535,25694,25912,26213,27111,26505,26932,26983,27320,27689,27887,28208,28466,28857,29238,29152,29642,30067,30225,30929,30975,31428,31636,31865,31881,32096,32899,33222,33253,33859,34076,33978,34281,34831,35175,35244,35517,35496,35537,35953,36477,37135,37390,37521,38055,38309,38241,38852,39250,39741,40003,40338,40716,41174,42068,42769,43784,43760,43950,44572,44977,45363,46202,46824,47705,48015,48747,49576,49741,50375,50766,50468,52137,53334,54470,54706,54941,55614,55908,56098,56634,57664,58462,58842,58926,59942,60197,61221,61802,62730,63889,64796,64615,65130,64964,65219,65977,66411,67546,68737,69664,70419,71864,72911,73874,74335,74918,75632,76670,76629,78037,78851,79246,79775,80903,81838,82758,83673,83963,84835,86836,87537,88621,90017,91125,92021,92125,92316,94008,95673,98487,99981,101248,102390,103413,104844,106291,107218,108684,110071,111100,112445,113070,113833,114812,117258,118495,118458,120284,121537,122665,123846,125082,126665,127545,128787,130287,131380,133561,134100,134348,135951,136491,137860,138350,138071,139841,139995,141618,142200,142692
,Addenda:,,,,,,,,,,,,,,,,,,,,,,,,,,,,,,,,,,,,,,,,,,,,,,,,,,,,,,,,,,,,,,,,,,,,,,,,,,,,,,,,,,,,,,,,,,,,,,,,,,,,,,,,,,,,,,,,,,,,,,,,,,,,,,,,,,,,,,,,,,,,,,,,,,,,,,,,,,,,,,,,,,,,,,,,,,,,,,,,,,,,,,,,,,,,,,,,,,,,,,,,,,,,,,,,,,,,,,,,,,,,,,,,,,,,,,,,,,,,,,,,,,,,,,,,,,,,,,,,,,,,,,,,,,,,,,,,,,,,,,,,,,,,,,,,,,,,,,,,,,,,
25,    PCE excluding food and energy4,221665,225482,229553,229335,231781,233307,233189,235444,239268,237112,237504,237124,238709,240826,243150,248607,243354,243226,244101,245080,246830,248527,246960,243984,244238,245772,249592,248843,251390,252175,252897,253779,255703,258346,261414,263494,264178,264061,267107,269214,271828,270579,271669,272427,277029,275159,280078,281929,281664,281014,282927,285012,285223,289764,291471,292203,292779,293330,296093,300417,302126,305224,306082,306854,311806,313926,316554,318540,317555,319793,317946,319924,324612,330203,332496,334760,334696,331110,335591,339057,347121,349141,350897,351958,355452,359544,363472,364131,360759,362937,366780,369716,374880,374660,375758,377101,379438,377423,380746,385873,386092,390114,390793,393377,398143,394882,398646,404442,410590,412659,420915,421513,426532,431127,437066,439733,441391,444445,447299,448185,453291,457430,457085,462239,466646,467938,468529,474019,477854,480583,482050,483727,486187,492326,489633,493460,498567,501731,503823,507574,511521,511676,508810,515256,526763,529939,532949,537882,540424,547616,547871,553550,560476,562819,567409,573920,579315,580606,590487,593037,597110,600895,607766,612629,615805,626299,630785,635399,644984,652421,658828,660225,664106,665498,670018,670034,683170,681108,685984,685349,690433,691641,700397,706720,715338,718195,724761,738551,736629,737618,735565,740077,753578,766037,764328,766728,788005,794188,802494,807417,815637,821818,837254,850280,859458,865027,870534,879273,875094,888964,898035,903088,911754,915895,925346,944311,943308,961974,973000,978046,984948,989126,1003014,1009103,1017292,1029350,1042800,1051287,1044587,1063602,1084018,1103105,1114333,1126951,1128295,1145515,1147342,1160867,1169681,1180914,1180915,1188530,1204272,1208903,1223762,1229418,1243233,1261749,1272829,1277935,1289369,1295414,1321369,1315703,1310354,1302312,1307686,1322964,1349661,1361097,1378781,1410901,1419527,1436829,1448433,1465256,1477207,1478763,1482234,1495082,1507846,1532605,1530716,1524028,1533827,1542282,1549189,1573962,1579748,1581951,1604135,1601060,1621343,1632916,1655003,1671126,1693863,1710926,1727231,1731441,1747098,1766507,1787076,1811508,1834353,1845352,1863686,1887324,1896509,1908562
26,    Energy goods and services5,22550,22693,22686,22510,22786,23014,23015,23075,22880,23537,23856,23038,23264,23412,24435,24459,23933,24230,24081,24222,24526,24315,24576,24683,24451,24192,24202,24668,24672,24819,24701,24483,24631,24515,25013,24745,25134,25392,25690,25626,25541,25484,25380,25587,25916,26303,26533,26966,27321,27350,26846,26404,26678,26122,26416,27142,27122,26536,26496,27647,27298,27501,27569,27753,27509,28084,28170,28634,28622,29285,28343,28600,28433,29070,29344,29681,29799,30229,30552,30241,30489,31025,30972,30897,31156,30936,31226,31721,31993,32256,32306,32641,32900,33029,32855,33501,32984,33727,33029,33331,34640,34411,34477,33702,34167,34365,35355,35360,35645,35946,36002,35697,35480,35933,36179,36737,36788,36602,36770,37017,37410,37903,38700,38482,38577,38786,38937,39330,39425,39893,40124,40254,40989,40420,40586,40868,41046,41245,41664,41478,42215,42378,42251,42921,43576,43635,43650,44020,43708,44283,43725,44363,45414,45285,45440,45030,45153,45618,46519,46460,46698,46388,47200,48225,48459,50134,51205,51986,51332,52159,51875,52448,53752,53461,53863,54582,55953,56837,59192,57141,58104,59793,62361,65370,67635,69091,70386,69465,70752,73151,70043,73400,71520,72237,73487,76718,74858,75825,77921,79552,79250,79456,77908,81273,83728,80164,80801,81606,82457,83729,84422,85766,87728,89552,93389,94301,96110,94198,90934,93049,92041,94067,96292,96765,97404,99356,96631,100363,99496,102466,102089,101939,104141,102316,102399,103534,104129,105706,107020,109236,111712,118857,114373,119252,120336,124133,126323,133792,137446,140181,139541,142325,144393,153351,163352,158081,155802,159432,159413,159795,158711,160931,160840,166721,171150,168287,175045,172314,177527,184700,178380,176025,178629,180512,178080,184423,186583,183915,182295,179510,173963,180696,181326,179902,180767,182263,185967,176980,178514,174163,182574,184993,183942,187124,190367,195864,190703,189781,187334,202814
27,    Market-based PCE6,---,---,---,---,---,---,---,---,---,---,---,---,---,---,---,---,---,---,---,---,---,---,---,---,---,---,---,---,---,---,---,---,---,---,---,---,---,---,---,---,---,---,---,---,---,---,---,---,---,---,---,---,---,---,---,---,---,---,---,---,---,---,---,---,---,---,---,---,---,---,---,---,---,---,---,---,---,---,---,---,---,---,---,---,---,---,---,---,---,---,---,---,---,---,---,---,---,---,---,---,---,---,---,---,---,---,---,---,---,---,---,---,---,---,---,---,---,---,---,---,---,---,---,---,---,---,---,---,---,---,---,---,---,---,---,---,---,---,---,---,---,---,---,---,---,---,---,---,---,---,---,---,---,---,---,---,---,---,---,---,---,---,---,---,---,---,---,---,---,---,---,---,---,---,---,---,---,---,---,---,---,---,---,---,---,---,---,---,---,---,---,---,---,---,---,---,---,---,---,---,---,---,---,---,---,---,---,---,---,---,---,---,---,---,---,---,---,---,---,---,---,---,---,---,---,---,---,---,---,---,---,---,---,---,---,---,---,---,---,---,---,---,---,---,---,---,---,---,---,---,---,---,---,---,---,---,---,---,---,---,---,---,---,---,---,---,---,---,---,---,---,---,---,---,---,---,---,---,---,---,---,---,---,---,---,---,---,---,---,---,---,---,---,---,---,---,---,---,---,---
28,    Market-based PCE excluding food and energy6,---,---,---,---,---,---,---,---,---,---,---,---,---,---,---,---,---,---,---,---,---,---,---,---,---,---,---,---,---,---,---,---,---,---,---,---,---,---,---,---,---,---,---,---,---,---,---,---,---,---,---,---,---,---,---,---,---,---,---,---,---,---,---,---,---,---,---,---,---,---,---,---,---,---,---,---,---,---,---,---,---,---,---,---,---,---,---,---,---,---,---,---,---,---,---,---,---,---,---,---,---,---,---,---,---,---,---,---,---,---,---,---,---,---,---,---,---,---,---,---,---,---,---,---,---,---,---,---,---,---,---,---,---,---,---,---,---,---,---,---,---,---,---,---,---,---,---,---,---,---,---,---,---,---,---,---,---,---,---,---,---,---,---,---,---,---,---,---,---,---,---,---,---,---,---,---,---,---,---,---,---,---,---,---,---,---,---,---,---,---,---,---,---,---,---,---,---,---,---,---,---,---,---,---,---,---,---,---,---,---,---,---,---,---,---,---,---,---,---,---,---,---,---,---,---,---,---,---,---,---,---,---,---,---,---,---,---,---,---,---,---,---,---,---,---,---,---,---,---,---,---,---,---,---,---,---,---,---,---,---,---,---,---,---,---,---,---,---,---,---,---,---,---,---,---,---,---,---,---,---,---,---,---,---,---,---,---,---,---,---,---,---,---,---,---,---,---,---,---,---
,Personal consumption expenditures by major function (From NIPA table 2.5.x):,,,,,,,,,,,,,,,,,,,,,,,,,,,,,,,,,,,,,,,,,,,,,,,,,,,,,,,,,,,,,,,,,,,,,,,,,,,,,,,,,,,,,,,,,,,,,,,,,,,,,,,,,,,,,,,,,,,,,,,,,,,,,,,,,,,,,,,,,,,,,,,,,,,,,,,,,,,,,,,,,,,,,,,,,,,,,,,,,,,,,,,,,,,,,,,,,,,,,,,,,,,,,,,,,,,,,,,,,,,,,,,,,,,,,,,,,,,,,,,,,,,,,,,,,,,,,,,,,,,,,,,,,,,,,,,,,,,,,,,,,,,,,,,,,,,,,,,,,,,,
29,            Personal consumption expenditures,306091,309554,312702,312193,316130,318193,317787,320161,324228,322794,322860,322871,323603,325338,330150,336482,330042,330102,331366,331613,333397,335398,335366,331307,332178,333717,337664,337639,339870,340857,340560,342068,344368,346499,349881,352398,353161,353951,357353,359006,361978,360389,361358,362882,368757,366548,371684,373621,374423,373411,375016,376350,377205,381683,384407,386287,385488,386023,389440,394684,396783,400161,401801,402823,408431,411355,414912,417737,416618,419602,416359,421001,424440,431397,433297,437059,437625,435243,441033,444375,452006,458479,459054,461673,465158,470220,475031,476948,473094,475524,480562,483152,489159,488285,490050,491843,494203,492952,495797,501315,502243,506814,506708,509821,515622,512203,517400,525145,530934,533622,544333,544007,549783,556253,563156,567007,568203,571644,576748,576540,583479,588675,588862,593870,600271,600869,602700,609939,613239,618515,620476,622768,628728,633992,632334,636017,642427,646268,648472,652907,659068,658315,656559,665608,676149,679409,682000,688759,691134,699781,698881,704916,712999,715838,720940,728438,731497,736160,749188,752541,757962,761589,769918,776335,781143,794943,800451,806112,816471,825800,832750,835703,841581,844298,854131,853252,869246,868163,876880,876619,884533,889670,901400,910797,922436,928033,937949,954819,955059,959232,956186,961818,975602,989395,990575,995033,1018937,1026777,1039789,1046958,1054829,1060854,1075758,1092058,1107148,1107695,1114879,1125424,1122700,1140496,1149590,1157982,1168847,1176784,1188960,1211481,1214984,1231325,1238329,1247267,1257068,1263605,1280483,1285687,1294544,1311405,1326983,1336024,1329486,1355131,1377542,1396368,1411964,1425824,1426815,1446954,1452881,1466922,1480617,1496523,1502425,1517821,1531178,1538448,1558800,1575659,1586126,1615572,1633904,1641601,1657250,1666255,1697298,1701393,1708215,1695241,1700079,1718848,1747082,1763778,1780453,1817093,1826815,1851714,1870041,1884239,1902921,1904356,1913765,1934451,1942122,1966640,1965535,1963887,1970646,1988808,1997087,2021248,2024130,2026327,2044491,2048116,2072242,2080123,2104649,2125774,2149261,2161628,2173954,2177039,2202774,2226393,2245902,2276020,2304398,2320429,2334858,2357587,2366269,2393632
30,Household consumption expenditures7,301475,304895,307992,307442,311335,313350,312898,315227,319247,317769,317794,317775,318496,320206,325026,331377,324950,325047,326310,326572,328376,330384,330374,326342,327231,328794,332660,332526,334661,335591,335273,336748,338985,341055,344372,346851,347595,348365,351783,353462,356459,354893,355890,357444,363338,361152,366318,368240,369018,367977,369514,370782,371566,375955,378604,380406,379526,379987,383338,388522,390445,393760,395379,396396,401991,404930,408470,411283,410165,413139,409898,414533,417952,424890,426709,430369,430833,428337,434020,437261,444781,451161,451635,454191,457643,462664,467493,469434,465600,468066,473119,475729,481758,480908,482695,484458,486749,485444,488176,493586,494410,498835,498599,501583,507261,503727,508805,516452,522211,524902,535611,535291,541059,547515,554392,558212,559362,562753,567821,567589,574475,579623,579737,584656,591008,591511,593251,600380,603560,608770,610607,612761,618644,623892,622166,625787,632123,635809,637885,642193,648295,647569,645844,654806,665183,668320,670794,677446,679716,688224,687170,693027,700941,703620,708549,715804,719196,723758,736654,739984,745468,748816,757302,763713,768418,781531,786932,792297,803410,812679,819251,821990,828045,830253,840266,839586,855246,854190,862685,862239,870025,874843,886365,895458,906935,912215,922487,939220,939251,943418,940190,945564,959581,973029,974172,978869,1002348,1009827,1022355,1029625,1037504,1043385,1057974,1073738,1088340,1088754,1096114,1106728,1103840,1121580,1130708,1139059,1150023,1157649,1169629,1191770,1194839,1211364,1218504,1227419,1237371,1243336,1260045,1264880,1273517,1289673,1305076,1314057,1307240,1333054,1355361,1373899,1389434,1402759,1403534,1423803,1429488,1443013,1456810,1472409,1477339,1492480,1505605,1512656,1532999,1549487,1560197,1589689,1608002,1614903,1630022,1638219,1669124,1673113,1679698,1666359,1670700,1688667,1716770,1733243,1749809,1785710,1794857,1819563,1837982,1851493,1870201,1871393,1880430,1900257,1907925,1932015,1930818,1928326,1934428,1952457,1960399,1984317,1987247,1989197,2007263,2010235,2033993,2041691,2065935,2086637,2110261,2122340,2134052,2137486,2163600,2186613,2205985,2235473,2263611,2279528,2293458,2315559,2323851,2350969
31,    Food and beverages purchased for off-premises consumption,61876,61379,60463,60348,61562,61872,61583,61642,62080,62145,61500,62709,61630,61100,62565,63416,62755,62646,63185,62311,62041,62556,63830,62641,63488,63752,63871,64128,63808,63863,62962,63806,64034,63637,63454,64159,63849,64498,64555,64166,64609,64326,64309,64868,65812,65086,65073,64725,65438,65047,65243,64934,65304,65797,66520,66941,65588,66157,66851,66620,67358,67435,68150,68215,69116,69346,70188,70563,70441,70524,70070,72477,71395,72125,71457,72618,73129,73904,74890,75077,74395,78313,77185,78819,78549,79740,80333,81095,80343,80331,81477,80794,81379,80596,81437,81241,81781,81802,82022,82111,81511,82290,81437,82742,83312,82956,83398,85343,84699,85017,87415,86796,87771,89194,89912,90537,90023,90597,92678,91338,92778,93342,93078,93149,95048,94145,95233,96590,95960,98039,98303,98787,101552,101246,102116,101688,102813,103292,102985,103856,105332,104261,105498,107431,105811,105834,105401,106857,107002,107882,107285,107003,107109,107735,108091,109489,107029,109935,112182,113043,114154,114306,114953,115482,116879,118510,118462,118727,120155,121219,122046,123030,123724,125339,130250,128636,130124,130218,131704,134129,135996,138236,138642,138707,139464,140747,142802,146803,147678,148463,150578,148341,150504,151120,152760,151587,156074,156764,159373,159990,159942,159580,160596,160506,163963,162504,163544,164546,165150,167803,167133,169128,169365,171337,170224,172868,175566,175152,174395,176172,180079,180412,181177,179819,179849,182700,187551,184374,185402,189062,191436,191324,193491,196558,196121,197904,201410,200348,203916,206372,209797,210433,212534,210292,214702,222108,216570,220031,223628,223485,228341,228516,231537,232338,234509,234847,236591,236452,238008,242887,242961,245261,246448,248165,250458,250696,250669,253278,254003,254670,255896,258010,256190,259347,258739,262103,261315,263371,262086,264867,266393,266360,269573,267305,268879,272385,269430,273723,268209,271435,273102,274893,274884,277388,279677,279213,280469,280482,282427,282256
32,"    Clothing, footwear, and related services",27558,28351,27995,27816,29134,29143,28604,28358,29125,29061,28873,29275,29831,29023,28751,30632,28494,29316,29320,29251,29026,29763,29035,28714,28715,29357,30340,29009,29821,30010,29941,29999,30027,30422,30721,30609,30735,30222,31234,31796,32035,30815,31022,30925,32197,31214,31465,31597,31348,30881,31780,31773,31434,32400,32299,32771,32442,31908,32533,33461,33072,34018,34153,33802,34980,34835,35016,35294,34954,35477,34922,36159,36043,35848,34529,35571,36103,35197,36251,36097,37658,37827,38300,38371,38992,39360,39075,39286,39011,40041,40195,40104,40374,40534,40550,40099,40564,40460,41308,41368,41208,41710,41316,41962,43186,41544,42553,42944,43235,44010,44731,44748,44879,45630,46634,46725,46086,46606,47381,46328,47384,48075,48033,48346,48884,48501,49249,49717,49030,49563,49062,49875,49252,49818,49178,49171,49698,49685,49867,49661,49755,51032,50580,51638,51860,52181,51298,52988,52996,54079,53309,53624,54371,53440,55135,55352,55002,54984,56351,55935,57582,57252,58221,58432,59250,61442,60717,60498,62287,63186,63611,63277,62918,64046,63872,62803,64415,63928,65141,64516,65899,65541,66260,67050,67460,67051,68125,68212,67945,67465,66068,65438,67819,68958,69221,68047,73033,72138,71703,73244,73018,71771,73655,74594,75017,75176,74433,76091,74344,76559,77513,77802,78158,78996,78817,80053,78976,81717,81340,82514,82160,82349,84619,84745,85109,88163,89870,89990,87928,89866,91711,93114,94465,95599,94483,95573,97659,97080,98260,99923,98296,97271,100470,99261,100512,100716,102614,104744,103841,104544,105933,105075,107148,105956,104778,105591,106576,107159,108284,110826,110274,113239,112615,113568,115565,117403,117405,118918,116832,119600,120120,120641,121247,120817,120054,121102,120209,123769,121990,120977,121518,119754,124115,122641,122479,123808,123978,126800,126218,126002,127743,129494,131483,133963,133844,134503,135090,137136,139561,139879
33,"    Housing, utilities, and fuels",55379,55473,55629,55770,56161,56778,57094,57384,57593,58003,58809,58208,58753,59130,60247,59823,59874,60160,60406,60739,61156,61660,61942,62413,62371,62436,62752,63523,63887,64114,64219,64157,64493,64954,65512,65768,66214,66453,67053,67225,67558,67847,68203,68447,69009,69432,70267,70632,71055,71479,71259,71034,71381,71491,71896,72685,73296,72810,73501,74245,74114,74473,74820,75157,75269,75911,76275,77115,77198,78456,77898,78146,78502,78815,79375,79960,80229,80768,81378,81727,82214,82776,82978,83269,83646,83851,84006,84718,85225,85618,86040,86369,86987,87460,87648,88626,88403,89274,88858,89346,90854,91112,91461,91161,92062,92688,93871,94350,95147,95259,95628,95619,96125,96778,97168,98227,98723,99240,100149,100800,101577,102175,103240,103326,103958,104700,105817,106476,107548,108308,109040,109718,110658,110502,110957,111786,112003,112888,114050,114757,115708,116525,117143,118459,119321,120535,121355,122422,123282,124096,124868,125438,126995,127704,128461,129253,130066,131290,132553,133625,134184,135069,136133,137547,138162,140417,141762,143255,143424,144283,144977,146106,148303,149251,149768,151495,153459,154251,155553,155280,157570,158581,159706,162514,163880,165969,167419,168555,170455,173791,172316,174824,175215,177437,180342,183950,181930,183587,185631,187888,189234,190228,189351,193327,196755,194819,196724,198482,200439,202045,204061,206647,208975,212040,216254,218323,221550,221971,219469,221638,222537,226867,229723,232014,234264,237559,235919,240751,242727,248313,248726,250804,253679,254515,254730,257062,260322,262588,265350,268742,272368,278122,273990,278992,281640,284568,286200,291962,295445,300519,302403,304364,304713,312709,319498,315797,319472,328525,330057,333212,334966,340038,343966,348993,348519,346544,353224,354983,364169,372297,371087,372462,376169,381651,380932,389106,393691,392452,394454,395532,393899,399452,401090,403047,406599,411961,415250,413253,414391,418160,422565,431081,426785,430853,435871,443454,441845,443199,445463,461557
34,"    Furnishings, household equipment, and routine household maintenance",24669,24983,24881,25056,25620,26232,25742,25892,26131,26216,26170,26096,25961,26157,25887,26895,26080,26401,26189,26048,25998,26510,26071,25945,26121,26333,26687,26269,26522,26548,26608,26774,26987,27233,27613,27801,27929,27661,28028,27922,28109,27858,28136,28427,29218,28628,28895,29009,29584,28999,29127,29416,29193,29811,30073,30236,30276,30464,30231,30533,30721,31774,31953,32319,32973,33240,33036,33352,32891,33302,33109,33767,33461,33467,33137,33578,34299,33968,34822,34726,35374,36453,36705,36476,36997,36824,37198,37128,36535,37608,38294,38511,38564,38851,38843,38698,38859,39168,39003,39656,39306,39610,39236,39660,40419,39621,40583,41183,40960,41604,41950,42287,42837,43560,44128,44514,43895,43909,44531,44122,44256,45129,45160,45318,45747,45562,45416,45352,45395,45374,45563,46304,46651,45984,45522,46313,46495,46192,46168,46686,46725,47393,47355,47921,47720,47789,47785,47918,47890,48557,48675,49058,49413,49563,50255,50537,51303,51345,52008,52195,52804,53076,53998,54128,54569,55640,55621,55543,57484,58804,58742,58919,59054,59914,60188,60041,61069,61027,61954,62132,63185,63191,64195,64460,65186,64601,65156,66058,65927,65273,64718,63305,65046,65445,65335,65089,67641,67859,68050,68557,69287,69149,71011,71187,72228,72672,72887,73786,73227,74589,74788,75889,76240,77326,77941,78918,79439,82015,83173,83213,82576,82721,84609,84598,84643,86004,87231,88013,86129,88165,89179,91733,93332,94152,94081,95026,96366,96803,98167,100002,99283,99505,101291,100983,102463,104244,104945,107298,107633,107777,108474,108006,108898,109696,108050,107677,108489,108430,110299,110468,111338,114363,115873,115258,116460,117378,117600,117981,117642,119082,118950,119318,119538,118309,118423,118730,116917,118942,118955,119920,120156,120395,121982,120794,121485,123198,123420,126308,126103,125854,128463,128051,129685,131250,133319,134142,135643,137296,138907,139330
35,    Health,18225,18252,18411,18562,18727,18842,18892,19011,19140,19252,19261,19455,19686,19723,19902,20265,20411,20461,20334,20201,20456,20857,21029,21029,21036,21114,21224,21558,21646,21802,21887,21927,22121,22279,22492,22840,22960,23139,23449,23699,24029,24189,24423,24655,24982,25111,25495,25707,25716,25873,26002,26013,26131,26350,26401,26606,26643,26758,26965,27398,27826,28205,28636,28990,29514,29732,30142,30524,30737,30929,31039,31334,31691,31903,31955,32021,32084,31910,31868,31664,31855,32117,32188,32466,32651,32901,33333,33931,34257,34853,35269,35513,36026,36514,37016,37332,37338,37632,37838,37991,38095,38362,38374,38564,38863,38927,39186,39728,40310,40877,41785,42379,43259,43688,44066,44775,45165,45786,46475,46867,47611,47835,48220,48710,49724,49816,50189,50633,51057,51697,52191,52527,53452,54741,54457,55153,55545,56147,57031,57563,58439,59114,59940,60610,60430,60897,61270,61635,62684,62882,63687,64374,64853,65145,65668,67088,67267,67583,68591,69428,69355,69921,70692,71477,71868,72458,72994,73436,74647,75556,76556,77145,77822,78665,79015,79518,80414,81144,81661,82021,83006,84137,85054,85941,87149,88375,89127,90047,91225,92444,92678,94644,96488,98233,98483,100061,101646,102289,102686,103080,104527,106796,108373,109939,110430,111282,113339,114550,115037,115904,117308,118535,119439,119932,122355,122993,123929,125144,126868,128255,131243,131950,133307,133996,134283,135297,136326,138321,140123,142130,143991,145816,146985,148746,150010,151369,152905,155355,156409,158591,160897,161383,162612,164714,167049,168749,171408,172410,173535,177145,178404,180204,184259,184568,186030,187350,188437,190947,194254,198229,203880,205978,208896,212848,213615,217952,220977,223132,225606,228045,231099,233790,235347,236131,239805,240808,241567,244102,245901,248105,250303,252850,255963,258456,260899,263651,266703,270561,273264,275582,278742,280532,283757,285722,288454,291900,293334,296315,298711,299285
36,    Transportation,35904,37871,38493,39070,39189,39130,39315,40047,41092,38965,39000,37118,37573,40058,42420,43277,40734,39494,40127,41405,43018,41670,41015,38392,37590,37652,38346,38261,38406,38808,39116,39546,40010,40337,41384,42070,42119,42691,43022,43426,44174,44254,43659,43578,44317,43881,46393,47891,47495,46707,46251,46982,47537,48352,48639,47619,47688,47359,48742,50454,51008,50150,49038,49737,50691,51404,52523,52558,51640,52099,49802,48038,51470,56141,59486,58193,55733,53230,54138,56516,60156,58494,57681,57112,57863,59802,61884,60379,57089,55183,56313,58813,61854,60437,59490,59206,59618,57194,58241,61325,61102,62267,62222,61062,62366,61248,61280,63802,66220,65997,68810,67102,69245,68783,71127,71467,72718,72776,71330,72578,74460,74795,74006,75126,75371,75747,74200,76846,78593,78061,77567,75852,74920,76857,75296,76333,77825,79123,78203,78651,79319,75547,71945,74017,84731,84069,86164,86937,85916,88959,87457,88497,93482,93523,93260,91914,94634,93420,95688,95643,96806,96650,97636,99433,99181,101807,104003,104880,107262,109349,111878,110414,111379,105553,108089,106427,110207,107116,108854,106273,105039,105323,109042,110351,113686,114080,116281,122169,117328,115355,110427,114127,114833,118840,114532,115074,119528,121371,127664,127951,130314,130241,134145,138190,140568,143553,143941,145990,142070,146528,148062,146483,150418,148552,152721,159594,160053,162818,167478,166224,166241,166988,167436,169430,170825,170838,173200,175974,167812,171498,177500,184258,186608,187989,186080,192630,183897,191603,191574,192247,193097,198358,200111,197984,200376,196193,207157,213412,221442,216804,217641,222905,234978,230597,229666,220064,211857,217537,227873,225918,224735,232148,228400,234062,246793,255705,260191,247636,246079,247848,248072,263384,257326,244946,245818,244895,251344,256972,254049,245796,256199,247517,251468,252735,262791,255469,270261,265814,264363,256311,264060,270567,280556,289685,293869,292905,291784,302002,299075,313932
37,    Communication,4717,4738,4751,4768,4789,4807,4836,4861,4891,4923,4951,4980,5014,5046,5081,5107,5140,5183,5225,5271,5305,5336,5366,5393,5411,5433,5457,5485,5509,5518,5559,5580,5624,5666,5707,5738,5762,5789,5811,5833,5857,5875,5905,5932,5965,5999,6037,6114,6196,6278,6315,6342,6367,6403,6451,6496,6527,6572,6601,6600,6587,6584,6686,6807,6921,6967,6962,6980,7054,7165,7265,7276,7263,7260,7295,7350,7406,7485,7540,7609,7700,7817,7914,7784,7599,7441,7652,7953,8245,8301,8281,8260,8304,8391,8478,8541,8587,8635,8680,8738,8789,8833,8866,8907,8985,9066,9149,9238,9396,9299,9602,9540,9487,9572,9651,9712,9794,9936,10003,10152,10259,10465,10473,10514,10629,10691,10777,10821,10924,11053,11048,11100,11170,11303,11409,11521,11560,11605,11627,11645,11705,11766,11920,12045,12062,12196,12233,12262,12641,12692,12829,13070,13159,13218,13311,13489,13579,13582,14059,14111,13682,14200,14462,14571,14976,14880,15054,15077,15176,15408,15596,15773,15955,16109,16150,16399,16499,16702,16706,17103,17094,17086,17422,17409,17530,17527,17649,17755,17926,18155,18262,18447,18423,18772,19010,19316,19671,19947,20197,20319,20576,20819,21002,21414,21632,21235,21983,22035,22044,22341,22505,22817,22999,23045,23155,23305,23362,23342,23762,23993,23954,24126,24119,24295,24726,25110,25452,25408,25659,25691,26306,26409,26635,26989,26812,27832,27867,27792,28304,27867,28381,28355,28886,29081,29204,29400,29416,29968,29917,30384,30494,29613,31077,31017,31369,31575,31794,29297,31967,32064,32428,33018,32761,33188,33535,33841,34298,35163,35180,35749,35899,36212,37006,37726,38159,38785,38725,38925,39426,40263,40133,41213,41046,41703,42355,42800,43162,42921,43955,44013,44072,44617,44847,45283,44901,44590,45091,45946,45556,45185
38,    Recreation,18287,18344,18432,18280,18664,18825,18711,19012,19201,19050,19132,19213,19354,19303,19311,19974,19701,19830,19763,19689,19672,20089,20012,19832,19807,19861,20151,20032,20263,20325,20607,20582,20742,20872,21149,21227,21371,21224,21641,21738,22054,21935,22083,22087,22632,22586,22815,22853,22779,23238,23448,23510,23445,23942,24371,24445,24216,24372,23986,24486,24635,25475,25895,25891,26420,26318,26563,26744,26620,26613,26925,27441,27374,27787,27925,28469,28426,28379,28560,28690,29483,30274,30602,30727,31239,31761,32228,32620,32431,33362,33662,34219,34592,34425,34720,35111,35382,35508,35439,35547,35075,35342,35439,36918,36785,35875,36046,36509,37651,38196,39178,38802,38997,40051,40488,40667,40805,40859,41803,41688,42174,42774,42840,43617,43863,43952,43605,43753,44098,44244,44218,45253,46022,46622,46219,46018,46524,46430,46962,47348,47594,48329,47846,48290,48126,48283,48340,49220,49573,50231,49889,50712,51071,51657,51601,52664,52976,53048,54444,54801,55382,55412,56706,56954,57299,58727,58746,59895,61008,62019,62050,61904,61937,62998,62710,63214,64749,64585,64748,64270,65170,65534,67188,67530,68801,68871,69737,71125,70910,70644,70912,70849,72797,73445,73935,74079,76507,77161,77220,78374,78912,78945,80640,82616,83507,82745,83320,84398,84070,85802,86337,87170,87784,88746,88664,91768,88385,90243,91665,92994,93929,93303,95110,96524,97738,98257,99988,100868,99050,101702,103667,102764,105177,106268,107156,107529,107661,109721,111148,113506,112248,115096,115721,116858,117763,119998,118331,121301,121766,122243,123241,121788,123814,125465,122785,122869,123666,123944,126300,126996,130246,133437,134506,135254,136099,136115,137565,139830,139893,141539,144335,144779,143830,144447,145048,146144,145758,146997,148728,148168,149531,151622,152749,152564,153666,154548,155659,157264,160031,159676,162416,163938,167703,168719,170625,170760,173692,175896,178528,179934
39,    Education,3033,3041,3049,3064,3087,3098,3107,3126,3142,3163,3182,3203,3240,3252,3280,3334,3328,3327,3370,3391,3411,3448,3479,3467,3447,3434,3495,3577,3678,3678,3641,3623,3636,3663,3692,3730,3746,3764,3803,3848,3890,3939,3972,3997,4062,4093,4132,4170,4178,4225,4250,4270,4304,4309,4349,4367,4422,4459,4498,4528,4558,4598,4643,4700,4752,4785,4883,4934,4943,4973,5050,5107,5150,5208,5259,5321,5371,5440,5490,5527,5597,5668,5739,5814,5860,5935,5979,6046,6096,6179,6241,6327,6381,6433,6505,6562,6606,6627,6765,6726,6813,6874,6895,6920,6984,7032,7108,7180,7345,7386,7502,7502,7599,7685,7743,7777,7889,8000,8080,8137,8206,8252,8325,8405,8476,8582,8658,8766,8900,8958,9068,9219,9356,9538,9490,9594,9703,9805,9977,10136,10236,10331,10376,10419,10424,10527,10557,10664,10734,10861,10957,11026,11077,11081,11108,11226,11280,11241,11345,11389,11558,11586,11921,11968,12167,12231,12159,12140,12213,12260,12258,12506,12625,12866,13585,13421,13644,13437,13606,13611,13699,13728,14029,14109,14281,14455,14430,14254,14362,14281,14325,14471,14527,14744,14982,15077,15576,15614,16674,16385,16663,16697,16745,16943,16994,16894,17086,17263,17239,17311,17708,17634,17807,17725,17718,17813,18109,18047,18179,18291,18353,18551,18918,18891,19237,19468,19780,19886,19915,20286,20075,20467,20695,20800,20952,21143,21391,21365,21562,21877,22061,22083,22339,22559,22565,22511,22856,23111,23100,23488,23826,23928,23932,24292,24285,24558,24906,25111,25516,26201,26102,26680,26763,26973,26998,27206,27379,27644,27702,27960,28295,28423,28637,29312,29649,29895,29736,29998,30190,30457,30676,30873,30948,31114,31331,31950,32093,32249,32748,33110,33271,33594,33970,34241,34515,34733,34992,35400,35737,35876
40,    Food services and accommodations,18784,19178,18884,18988,19400,20006,19882,20003,20394,20271,20255,20812,20480,20245,20161,20729,20703,20541,20562,20420,20389,20465,20690,20428,20842,20654,20940,20819,20729,20797,20698,20877,21047,21291,21359,21513,21609,21725,21739,21957,22161,22027,22241,22429,22684,22549,23055,22904,22860,22999,23173,23455,23013,23146,23232,23352,23232,23600,23548,24056,24111,24227,24742,24553,24669,25217,24961,24934,25224,25017,25233,25643,25978,26162,25993,26663,26967,26971,27377,27566,27550,27955,28279,28705,28727,29031,29281,29372,29302,29555,30276,29797,29943,29619,30035,30677,30831,29964,30211,30377,30363,30769,30994,31147,31299,31437,31825,32266,32868,33389,34145,34188,34117,34294,34735,35171,35397,35642,35723,35462,35864,36240,35986,37027,37299,37707,37514,37788,37878,38505,39098,38623,39652,40546,40652,41109,41948,41930,41946,42202,42639,42273,42436,42152,42370,42538,42678,42663,43341,43709,43791,44717,44019,44689,45116,45934,46373,46697,48005,47791,48136,48808,49348,49592,49855,50213,50566,51242,52229,52768,53194,53075,53539,53896,54512,55407,56669,57324,57844,57528,57702,57660,58189,59428,59515,60226,60618,61642,61955,62733,63628,64070,65025,65975,65615,66788,67983,69315,68378,69071,69421,71500,73090,73689,75034,74641,75610,76028,76762,77469,78881,79281,79727,79734,79589,80859,82932,86041,85426,85168,86305,85321,86199,85551,85246,85212,87439,87136,87950,89766,92978,94221,94625,96712,98674,100028,101274,101635,103033,104347,104151,106567,110485,108390,107988,109207,109431,111577,113285,114158,117520,118294,120313,116712,118354,118766,119412,120248,120811,122131,123368,125230,126296,129016,131112,131209,132590,133334,134239,134010,133579,134374,135820,136269,134935,135516,134509,138931,137946,139670,141073,142307,144065,144812,144822,147155,147295,147516,149291,149876,151127,151131,151721,153062,154584,154237,156418,157246,159034,154867
41,    Financial services and insurance,11432,11568,11705,11833,11957,12062,12155,12245,12387,12535,12679,12732,12765,12796,12896,13017,13136,13211,13271,13328,13321,13312,13305,13499,13756,14021,14190,14321,14438,14340,14207,14102,14234,14432,14629,14619,14551,14492,14640,14855,15058,15016,14877,14773,14776,14836,14871,14861,14774,14728,14801,14914,15026,15232,15431,15647,15904,16188,16479,16439,16447,16363,16521,16704,16911,17169,17414,17636,17690,17736,17749,17855,17936,18062,18162,18273,18371,18532,18663,18825,19159,19516,19889,20071,20271,20452,20530,20597,20663,20710,20749,20767,20684,20555,20451,20720,21055,21348,21465,21508,21593,21878,22299,22709,22800,22868,22922,22961,23074,22806,23515,24567,24665,26145,26242,25658,25917,26431,26509,26850,26409,26743,26321,26615,27644,27741,27549,27930,28239,28691,29169,28799,28907,29166,29214,29273,29714,29944,29788,30134,31215,31303,31013,31613,31797,32395,32577,32816,32776,32819,33060,33803,33358,33462,33416,34755,35224,35843,36354,36415,36128,36695,37329,38144,37593,37579,38503,38910,38569,38708,38721,39118,39629,39812,39982,40040,40784,41245,41365,41257,40934,40776,41594,41919,42542,43444,44092,45178,46074,46557,47630,48114,49156,50835,50581,50817,51327,51815,51874,51723,51933,53337,53968,54380,54701,55659,54976,55072,55134,55764,56697,57228,58167,58174,58843,60642,60571,60645,60990,62256,63168,64119,66158,66507,67324,68773,70147,70447,71633,72446,74253,76862,77485,76911,76381,78219,78112,79267,79565,79435,77656,74842,76318,82388,85877,87732,86761,86910,86800,86282,84579,86537,86375,88165,88579,85830,87495,88944,90321,91547,94152,97749,100214,100535,100716,98243,98544,99154,98360,97866,97869,97344,96036,96208,99709,101352,102971,103915,106521,106958,108776,109146,111218,116458,118754,124986,126908,127549,134722,136588,135152,133273,133043,136779,143536,148345,152608,150339,144998,142315
42,    Other goods and services,19640,19692,23214,21793,20964,20643,20979,21640,22014,22143,21990,22009,22173,22256,22307,22642,22346,22432,22422,22400,22463,22623,22563,22573,22599,22646,23072,23442,23920,23887,23846,23754,23958,24199,24612,24723,24629,24508,24522,24685,24634,24641,24705,24905,25187,25222,25316,25347,25241,25230,25487,25643,25808,26240,26318,26612,26672,26747,26827,27167,27512,27967,27616,26950,27177,27585,27925,28079,28158,28225,28213,28592,28858,29132,29172,29486,29959,29982,30265,30372,30696,31031,31285,31646,32201,32387,32811,33174,33309,33451,33313,33234,33509,33840,34234,34308,34326,34318,34581,34891,35500,35822,36122,36055,36489,36741,37149,37223,37603,37294,37601,38086,38429,38567,38696,39140,39169,39329,39622,39777,39826,39973,40116,40586,40474,40570,41001,41471,41559,41948,42002,42484,42823,43279,43209,43249,43567,44112,44545,44933,45138,45262,45335,45703,46019,46535,46572,46349,46069,46613,46696,47124,47377,47507,47965,48723,48989,49297,49667,50328,50521,50707,50789,50879,51468,52461,53144,53556,53922,54224,54796,55776,56131,56829,57422,57681,58869,58803,59089,59617,60295,60664,60603,61353,62531,61918,62323,62867,62945,63420,63604,63940,65056,64842,65203,64752,67134,67605,68523,68680,69331,69733,70658,72171,72945,73298,74375,74888,75002,76246,76497,77117,77342,78145,79154,80273,77504,79567,81164,82160,82217,82079,84418,84500,86345,88357,88147,88730,88776,89722,91056,92054,92422,93646,93794,94963,95904,94716,95498,95586,95429,96807,96885,97078,98434,99731,100025,102406,103283,104032,105364,105429,108167,107772,108182,107991,108631,108773,109833,109524,111968,115053,114496,117711,117512,118045,118628,119771,120602,121574,122115,122299,122980,123270,123649,124310,122713,124111,124687,126252,126512,126641,127685,127751,129124,131334,132300,134153,136666,137052,138507,140355,141462,142614,144611,145354,147139,148222,149373,149836
43,    Net foreign travel and expenditures abroad by U.S. residents,1971,2025,2085,2094,2081,1912,1997,2005,2058,2043,1992,1965,2036,2118,2218,2266,2249,2046,2136,2117,2119,2094,2037,2016,2046,2102,2134,2103,2033,1900,1982,2022,2071,2069,2048,2054,2123,2200,2286,2311,2291,2172,2355,2421,2496,2515,2505,2429,2355,2293,2378,2495,2623,2481,2625,2629,2621,2593,2577,2534,2496,2491,2528,2572,2596,2422,2581,2569,2617,2623,2624,2697,2831,2982,2965,2866,2755,2569,2777,2865,2944,2920,2891,2931,3048,3180,3183,3135,3094,2876,3010,3021,3161,3252,3288,3336,3399,3515,3766,4002,4201,3965,3938,3777,3709,3724,3735,3725,3705,3768,3750,3675,3649,3569,3802,3841,3781,3643,3535,3490,3672,3825,3939,3918,3891,3795,4044,4236,4380,4329,4278,4221,4230,4290,4446,4578,4728,4656,4737,4620,4488,4434,4455,4506,4512,4542,4563,4716,4812,4845,4668,4581,4659,4896,5160,5382,5475,5492,5408,5279,5176,5134,5114,5109,5152,5167,5201,5137,5034,4896,4826,4948,5031,4976,4724,4503,4343,4410,4460,4501,4435,4386,4443,4687,4911,4953,4729,4554,4521,4837,5043,4997,4693,4383,4173,4231,4298,4360,4381,4364,4346,4590,4739,4782,4568,4277,3897,3597,3323,3219,3216,3329,3603,3897,4194,4360,4464,4661,4595,4540,4608,4550,4254,4011,3927,3936,4026,4160,4137,4407,4485,4074,3837,3873,4260,4524,4719,4740,4026,3915,3675,3657,3963,4077,4425,4329,4482,4560,4326,4041,3804,3561,3913,3827,3612,3443,3374,3299,3249,3241,3392,3516,3623,3994,600,1156,1130,568,123,17,608,978,694,-108,-490,-287,945,1833,2315,2231,2094,2106,2092,2311,2753,3393,3801,4229,4088,3828,4381,5085,6088,5914,5805,5390,5353,6080,6482,6717
44,Final consumption expenditures of nonprofit institutions serving households (NPISHs)1,4616,4659,4710,4751,4795,4843,4889,4935,4981,5024,5066,5097,5108,5132,5124,5106,5091,5055,5056,5041,5022,5014,4992,4966,4947,4922,5004,5113,5210,5267,5287,5320,5382,5444,5508,5547,5566,5586,5570,5544,5518,5496,5468,5439,5419,5395,5366,5381,5405,5434,5502,5568,5639,5728,5804,5881,5962,6036,6102,6163,6338,6401,6421,6427,6440,6425,6442,6455,6453,6463,6462,6468,6488,6507,6588,6690,6792,6906,7013,7113,7224,7318,7419,7482,7514,7556,7539,7514,7494,7458,7443,7422,7401,7378,7355,7386,7454,7508,7622,7729,7833,7979,8109,8238,8361,8476,8595,8693,8723,8720,8722,8716,8724,8739,8764,8794,8840,8891,8927,8951,9004,9052,9126,9214,9263,9358,9449,9559,9679,9745,9869,10007,10083,10100,10168,10230,10303,10459,10587,10714,10774,10746,10716,10802,10966,11089,11206,11313,11418,11557,11711,11889,12058,12218,12391,12634,12301,12401,12534,12556,12494,12773,12616,12622,12725,13412,13519,13815,13062,13120,13499,13713,13536,14045,13865,13666,14000,13973,14195,14380,14508,14826,15035,15339,15501,15817,15462,15599,15808,15814,15996,16253,16020,16366,16403,16164,16589,16949,17434,17333,17324,17469,17784,18320,18808,18941,18766,18696,18860,18916,18882,18923,18825,19135,19330,19711,20145,19961,19825,19848,19697,20269,20437,20807,21027,21732,21907,21967,22245,22077,22182,22469,22530,23065,23281,23151,23394,23909,23807,24114,25086,25341,25573,25792,25801,26171,25928,25883,25901,26697,27228,28036,28174,28279,28518,28882,29379,30181,30311,30535,30644,31383,31958,32151,32060,32746,32720,32962,33335,34195,34197,34625,34716,35561,36217,36351,36688,36930,36883,37131,37228,37881,38249,38433,38713,39137,39000,39289,39903,39552,39175,39781,39918,40546,40786,40901,41400,42028,42419,42663
45,    Gross output of nonprofit institutions2,13367,13472,13581,13677,13780,13881,13959,14044,14140,14240,14335,14422,14521,14609,14756,14902,15047,14912,14770,14642,14748,14934,15100,15067,15003,14937,15213,15555,15894,15968,15927,15919,16037,16175,16317,16456,16551,16646,16722,16780,16841,16906,16963,17015,17088,17149,17208,17318,17430,17555,17721,17897,18071,18259,18428,18598,18768,18933,19097,19312,19694,19915,20030,20101,20193,20221,20328,20416,20449,20474,20499,20681,20893,21102,21323,21553,21773,21999,22193,22389,22618,22813,23031,23255,23427,23640,23824,24029,24228,24361,24438,24524,24634,24807,24983,25178,25335,25502,25803,26143,26484,26862,27169,27480,27806,28075,28378,28702,28898,29046,29455,29790,30211,30212,30327,30665,30887,31197,31632,31856,32269,32403,32746,33036,33679,33904,34088,34428,34796,35280,35563,35919,36297,37211,36673,37161,37286,37779,38276,38601,38981,39212,39573,40040,40119,40731,41273,41537,42347,42532,43139,43524,43924,44099,44487,45533,45523,45654,46393,46633,46472,47054,47447,47797,47969,48929,49015,49352,49014,49597,50634,51103,51058,52099,52174,51907,52852,53223,53936,54383,54845,55542,56209,57408,58270,59601,59223,59549,60379,60791,61359,62455,62844,64071,64417,64911,66165,66690,67809,68099,67793,69606,71118,72790,73514,73882,74380,74604,74958,75550,76546,77385,77667,78061,79272,79909,81366,81763,82555,83737,84493,84884,85567,85771,86246,87709,88318,89513,90983,91741,92600,94333,95441,96939,97615,98069,99025,100579,100436,102152,103937,104587,105348,106695,107639,108929,109601,109846,110737,113533,114765,116657,118191,119404,120538,121008,121695,124189,125984,129022,130625,132631,134347,135564,136904,139037,139938,141646,143406,145294,146642,147695,148549,150372,153475,154845,155145,157215,158420,159796,161074,162963,164914,165978,167501,169424,170379,172850,174002,173901,175126,176271,177778,178896,178858,180742,181395,183645,184619,185354
46,    Less: Receipts from sales of goods and services by nonprofit institutions3,8751,8813,8871,8926,8985,9038,9070,9110,9159,9216,9270,9326,9414,9477,9631,9796,9955,9857,9714,9601,9726,9919,10109,10102,10057,10014,10209,10442,10685,10702,10640,10599,10654,10731,10808,10909,10984,11060,11152,11236,11323,11411,11495,11576,11670,11753,11843,11937,12025,12121,12219,12329,12432,12531,12624,12717,12805,12897,12994,13149,13357,13514,13609,13674,13753,13796,13886,13961,13997,14011,14037,14213,14405,14595,14735,14863,14982,15093,15180,15276,15394,15495,15611,15773,15913,16084,16286,16515,16734,16904,16994,17102,17233,17429,17628,17793,17881,17995,18181,18415,18650,18883,19060,19242,19445,19599,19783,20009,20175,20326,20734,21074,21487,21474,21563,21871,22047,22305,22705,22905,23265,23351,23620,23822,24415,24546,24639,24869,25117,25535,25694,25912,26213,27111,26505,26932,26983,27320,27689,27887,28208,28466,28857,29238,29152,29642,30067,30225,30929,30975,31428,31636,31865,31881,32096,32899,33222,33253,33859,34076,33978,34281,34831,35175,35244,35517,35496,35537,35953,36477,37135,37390,37521,38055,38309,38241,38852,39250,39741,40003,40338,40716,41174,42068,42769,43784,43760,43950,44572,44977,45363,46202,46824,47705,48015,48747,49576,49741,50375,50766,50468,52137,53334,54470,54706,54941,55614,55908,56098,56634,57664,58462,58842,58926,59942,60197,61221,61802,62730,63889,64796,64615,65130,64964,65219,65977,66411,67546,68737,69664,70419,71864,72911,73874,74335,74918,75632,76670,76629,78037,78851,79246,79775,80903,81838,82758,83673,83963,84835,86836,87537,88621,90017,91125,92021,92125,92316,94008,95673,98487,99981,101248,102390,103413,104844,106291,107218,108684,110071,111100,112445,113070,113833,114812,117258,118495,118458,120284,121537,122665,123846,125082,126665,127545,128787,130287,131380,133561,134100,134348,135951,136491,137860,138350,138071,139841,139995,141618,142200,142692
,,,,,,,,,,,,,,,,,,,,,,,,,,,,,,,,,,,,,,,,,,,,,,,,,,,,,,,,,,,,,,,,,,,,,,,,,,,,,,,,,,,,,,,,,,,,,,,,,,,,,,,,,,,,,,,,,,,,,,,,,,,,,,,,,,,,,,,,,,,,,,,,,,,,,,,,,,,,,,,,,,,,,,,,,,,,,,,,,,,,,,,,,,,,,,,,,,,,,,,,,,,,,,,,,,,,,,,,,,,,,,,,,,,,,,,,,,,,,,,,,,,,,,,,,,,,,,,,,,,,,,,,,,,,,,,,,,,,,,,,,,,,,,,,,,,,,,,,,,,,,
Legend/Footnotes,,,,,,,,,,,,,,,,,,,,,,,,,,,,,,,,,,,,,,,,,,,,,,,,,,,,,,,,,,,,,,,,,,,,,,,,,,,,,,,,,,,,,,,,,,,,,,,,,,,,,,,,,,,,,,,,,,,,,,,,,,,,,,,,,,,,,,,,,,,,,,,,,,,,,,,,,,,,,,,,,,,,,,,,,,,,,,,,,,,,,,,,,,,,,,,,,,,,,,,,,,,,,,,,,,,,,,,,,,,,,,,,,,,,,,,,,,,,,,,,,,,,,,,,,,,,,,,,,,,,,,,,,,,,,,,,,,,,,,,,,,,,,,,,,,,,,,,,,,,,,
"1. Net expenses of NPISHs, defined as their gross operating expenses less primary sales to households.",,,,,,,,,,,,,,,,,,,,,,,,,,,,,,,,,,,,,,,,,,,,,,,,,,,,,,,,,,,,,,,,,,,,,,,,,,,,,,,,,,,,,,,,,,,,,,,,,,,,,,,,,,,,,,,,,,,,,,,,,,,,,,,,,,,,,,,,,,,,,,,,,,,,,,,,,,,,,,,,,,,,,,,,,,,,,,,,,,,,,,,,,,,,,,,,,,,,,,,,,,,,,,,,,,,,,,,,,,,,,,,,,,,,,,,,,,,,,,,,,,,,,,,,,,,,,,,,,,,,,,,,,,,,,,,,,,,,,,,,,,,,,,,,,,,,,,,,,,,,,
"2. Gross output is net of unrelated sales, secondary sales, and sales to business, to government, and to the rest of the world; excludes own-account investment (construction and software).",,,,,,,,,,,,,,,,,,,,,,,,,,,,,,,,,,,,,,,,,,,,,,,,,,,,,,,,,,,,,,,,,,,,,,,,,,,,,,,,,,,,,,,,,,,,,,,,,,,,,,,,,,,,,,,,,,,,,,,,,,,,,,,,,,,,,,,,,,,,,,,,,,,,,,,,,,,,,,,,,,,,,,,,,,,,,,,,,,,,,,,,,,,,,,,,,,,,,,,,,,,,,,,,,,,,,,,,,,,,,,,,,,,,,,,,,,,,,,,,,,,,,,,,,,,,,,,,,,,,,,,,,,,,,,,,,,,,,,,,,,,,,,,,,,,,,,,,,,,,,
"3. Excludes unrelated sales, secondary sales, and sales to business, to government, and to the rest of the world; includes membership dues and fees.",,,,,,,,,,,,,,,,,,,,,,,,,,,,,,,,,,,,,,,,,,,,,,,,,,,,,,,,,,,,,,,,,,,,,,,,,,,,,,,,,,,,,,,,,,,,,,,,,,,,,,,,,,,,,,,,,,,,,,,,,,,,,,,,,,,,,,,,,,,,,,,,,,,,,,,,,,,,,,,,,,,,,,,,,,,,,,,,,,,,,,,,,,,,,,,,,,,,,,,,,,,,,,,,,,,,,,,,,,,,,,,,,,,,,,,,,,,,,,,,,,,,,,,,,,,,,,,,,,,,,,,,,,,,,,,,,,,,,,,,,,,,,,,,,,,,,,,,,,,,,
"4. Food consists of food and beverages purchased for off-premises consumption; food services, which include purchased meals and beverages, are not classified as food.",,,,,,,,,,,,,,,,,,,,,,,,,,,,,,,,,,,,,,,,,,,,,,,,,,,,,,,,,,,,,,,,,,,,,,,,,,,,,,,,,,,,,,,,,,,,,,,,,,,,,,,,,,,,,,,,,,,,,,,,,,,,,,,,,,,,,,,,,,,,,,,,,,,,,,,,,,,,,,,,,,,,,,,,,,,,,,,,,,,,,,,,,,,,,,,,,,,,,,,,,,,,,,,,,,,,,,,,,,,,,,,,,,,,,,,,,,,,,,,,,,,,,,,,,,,,,,,,,,,,,,,,,,,,,,,,,,,,,,,,,,,,,,,,,,,,,,,,,,,,,
5. Consists of gasoline and other energy goods and of electricity and gas services.,,,,,,,,,,,,,,,,,,,,,,,,,,,,,,,,,,,,,,,,,,,,,,,,,,,,,,,,,,,,,,,,,,,,,,,,,,,,,,,,,,,,,,,,,,,,,,,,,,,,,,,,,,,,,,,,,,,,,,,,,,,,,,,,,,,,,,,,,,,,,,,,,,,,,,,,,,,,,,,,,,,,,,,,,,,,,,,,,,,,,,,,,,,,,,,,,,,,,,,,,,,,,,,,,,,,,,,,,,,,,,,,,,,,,,,,,,,,,,,,,,,,,,,,,,,,,,,,,,,,,,,,,,,,,,,,,,,,,,,,,,,,,,,,,,,,,,,,,,,,,
"6. Market-based PCE is a supplemental measure that is based on household expenditures for which there are observable price measures.It excludes most imputed transactions (for example, financial services furnished without payment) and the final consumption expenditures of nonprofit institutions serving households.",,,,,,,,,,,,,,,,,,,,,,,,,,,,,,,,,,,,,,,,,,,,,,,,,,,,,,,,,,,,,,,,,,,,,,,,,,,,,,,,,,,,,,,,,,,,,,,,,,,,,,,,,,,,,,,,,,,,,,,,,,,,,,,,,,,,,,,,,,,,,,,,,,,,,,,,,,,,,,,,,,,,,,,,,,,,,,,,,,,,,,,,,,,,,,,,,,,,,,,,,,,,,,,,,,,,,,,,,,,,,,,,,,,,,,,,,,,,,,,,,,,,,,,,,,,,,,,,,,,,,,,,,,,,,,,,,,,,,,,,,,,,,,,,,,,,,,,,,,,,,
"7. Consists of household purchases of goods and services from business, government, nonprofit institutions, and the rest of the world.",,,,,,,,,,,,,,,,,,,,,,,,,,,,,,,,,,,,,,,,,,,,,,,,,,,,,,,,,,,,,,,,,,,,,,,,,,,,,,,,,,,,,,,,,,,,,,,,,,,,,,,,,,,,,,,,,,,,,,,,,,,,,,,,,,,,,,,,,,,,,,,,,,,,,,,,,,,,,,,,,,,,,,,,,,,,,,,,,,,,,,,,,,,,,,,,,,,,,,,,,,,,,,,,,,,,,,,,,,,,,,,,,,,,,,,,,,,,,,,,,,,,,,,,,,,,,,,,,,,,,,,,,,,,,,,,,,,,,,,,,,,,,,,,,,,,,,,,,,,,,
